ProyectoEdificio, c:\proyectoscteycee\ctehe2019\proyectos\ejemploviv_unif_aislada\newbdl_ds.xml, zonaC1.bin

CALDERA, SIS2_EQ2_EQ_Caldera-Biomasa-Defecto
tipoCombustible, Biomasa densificada (pelets)
demandaACS, 283254.78 ,250836.1 ,277711.22 ,263120.0 ,260804.98 ,241662.61 ,238632.33 ,238632.33 ,236297.97 ,255538.8 ,263389.88 ,277711.22 ,
demandaCAL, 634042.1 ,374752.53 ,157400.44 ,2397.097 ,3383.2979 ,0.0 ,0.0 ,0.0 ,0.0 ,2106.3503 ,104970.52 ,566639.8 ,
consumoElectricidad, 0.0 ,0.0 ,0.0 ,0.0 ,0.0 ,0.0 ,0.0 ,0.0 ,0.0 ,0.0 ,0.0 ,0.0 ,
consumoCombustible, 1363226.2 ,911378.7 ,598273.94 ,333064.72 ,331886.94 ,302078.84 ,298291.44 ,298291.44 ,295374.22 ,323050.5 ,501271.66 ,1250817.5 ,
nhFunciona, 620 ,560 ,620 ,600 ,620 ,600 ,620 ,620 ,600 ,620 ,600 ,620 ,
nhCortaACS, 0 ,0 ,0 ,0 ,0 ,0 ,0 ,0 ,0 ,0 ,0 ,0 ,
nhCortaCAL, 0 ,0 ,0 ,0 ,0 ,0 ,0 ,0 ,0 ,0 ,0 ,0 ,
FinCALDERA
  
AUTONOMO, SIS_EQ1_EQ_ED_AireAire_SF-Defecto
demandaSenRef, 0.0 ,0.0 ,0.0 ,0.0 ,0.0 ,17426.219 ,55350.375 ,41139.535 ,31169.89 ,0.0 ,0.0 ,0.0 ,
demandaTotRef, 0.0 ,0.0 ,0.0 ,0.0 ,0.0 ,17608.125 ,56623.293 ,43138.68 ,32275.977 ,0.0 ,0.0 ,0.0 ,
demandaCal, 0.0 ,0.0 ,0.0 ,0.0 ,0.0 ,0.0 ,0.0 ,0.0 ,0.0 ,0.0 ,0.0 ,0.0 ,
consumoRef, 0.0 ,0.0 ,0.0 ,0.0 ,0.0 ,6881.7817 ,21241.889 ,18874.73 ,10882.007 ,0.0 ,0.0 ,0.0 ,
consumoCal, 0.0 ,0.0 ,0.0 ,0.0 ,0.0 ,0.0 ,0.0 ,0.0 ,0.0 ,0.0 ,0.0 ,0.0 ,
nhFuncionaRef, 0 ,0 ,0 ,0 ,0 ,46 ,103 ,127 ,52 ,0 ,0 ,0 ,
nhFuncionaCal, 0 ,0 ,0 ,0 ,0 ,0 ,0 ,0 ,0 ,0 ,0 ,0 ,
nhCortaRef, 0 ,0 ,0 ,0 ,0 ,1 ,0 ,0 ,0 ,0 ,0 ,0 ,
nhCortaCal, 0 ,0 ,0 ,0 ,0 ,0 ,0 ,0 ,0 ,0 ,0 ,0 ,
FinAUTONOMO
  
AUTONOMO, SIS1_EQ2_EQ_ED_AireAire_SF-Defecto
demandaSenRef, 0.0 ,0.0 ,0.0 ,0.0 ,0.0 ,37437.195 ,94128.414 ,95477.84 ,55126.13 ,0.0 ,0.0 ,0.0 ,
demandaTotRef, 0.0 ,0.0 ,0.0 ,0.0 ,0.0 ,37679.656 ,95446.76 ,98087.21 ,56530.98 ,0.0 ,0.0 ,0.0 ,
demandaCal, 0.0 ,0.0 ,0.0 ,0.0 ,0.0 ,0.0 ,0.0 ,0.0 ,0.0 ,0.0 ,0.0 ,0.0 ,
consumoRef, 0.0 ,0.0 ,0.0 ,0.0 ,0.0 ,12302.732 ,32842.31 ,34655.75 ,17679.06 ,0.0 ,0.0 ,0.0 ,
consumoCal, 0.0 ,0.0 ,0.0 ,0.0 ,0.0 ,0.0 ,0.0 ,0.0 ,0.0 ,0.0 ,0.0 ,0.0 ,
nhFuncionaRef, 0 ,0 ,0 ,0 ,0 ,66 ,128 ,179 ,64 ,0 ,0 ,0 ,
nhFuncionaCal, 0 ,0 ,0 ,0 ,0 ,0 ,0 ,0 ,0 ,0 ,0 ,0 ,
nhCortaRef, 0 ,0 ,0 ,0 ,0 ,4 ,3 ,0 ,3 ,0 ,0 ,0 ,
nhCortaCal, 0 ,0 ,0 ,0 ,0 ,0 ,0 ,0 ,0 ,0 ,0 ,0 ,
FinAUTONOMO
  
AUTONOMO, SIS3_EQ1_EQ_ED_AireAire_SF-Defecto
demandaSenRef, 0.0 ,0.0 ,0.0 ,0.0 ,0.0 ,2124.186 ,3306.7776 ,1573.9485 ,1919.139 ,0.0 ,0.0 ,0.0 ,
demandaTotRef, 0.0 ,0.0 ,0.0 ,0.0 ,0.0 ,2124.186 ,3360.5051 ,1730.709 ,2010.2563 ,0.0 ,0.0 ,0.0 ,
demandaCal, 0.0 ,0.0 ,0.0 ,0.0 ,0.0 ,0.0 ,0.0 ,0.0 ,0.0 ,0.0 ,0.0 ,0.0 ,
consumoRef, 0.0 ,0.0 ,0.0 ,0.0 ,0.0 ,1282.204 ,5841.84 ,3104.701 ,3927.3809 ,0.0 ,0.0 ,0.0 ,
consumoCal, 0.0 ,0.0 ,0.0 ,0.0 ,0.0 ,0.0 ,0.0 ,0.0 ,0.0 ,0.0 ,0.0 ,0.0 ,
nhFuncionaRef, 0 ,0 ,0 ,0 ,0 ,13 ,49 ,27 ,34 ,0 ,0 ,0 ,
nhFuncionaCal, 0 ,0 ,0 ,0 ,0 ,0 ,0 ,0 ,0 ,0 ,0 ,0 ,
nhCortaRef, 0 ,0 ,0 ,0 ,0 ,0 ,0 ,0 ,0 ,0 ,0 ,0 ,
nhCortaCal, 0 ,0 ,0 ,0 ,0 ,0 ,0 ,0 ,0 ,0 ,0 ,0 ,
FinAUTONOMO
  
ESPACIO   , P01_E02
nhFuncionaRef ,0 ,0 ,0 ,0 ,0 ,480 ,496 ,496 ,480 ,0 ,0 ,0
nhFuncionaCal ,744 ,672 ,744 ,720 ,744 ,0 ,0 ,0 ,0 ,744 ,720 ,744
nhCortaRef ,0 ,0 ,0 ,0 ,0 ,1 ,0 ,0 ,0 ,0 ,0 ,0
nhCortaCal ,0 ,0 ,0 ,0 ,0 ,0 ,0 ,0 ,0 ,0 ,0 ,0
QRefSen ,0.0 ,0.0 ,0.0 ,0.0 ,0.0 ,17426.219 ,55350.363 ,41139.523 ,31169.887 ,0.0 ,0.0 ,0.0
QCalSen ,224460.72 ,127451.3 ,54610.645 ,0.0 ,0.0 ,0.0 ,0.0 ,0.0 ,0.0 ,622.9238 ,38701.04 ,195229.33
QRefNoCubierta ,0.0 ,0.0 ,0.0 ,0.0 ,0.0 ,783.2798 ,0.0 ,0.0 ,0.0 ,0.0 ,0.0 ,0.0
QCalNoCubierta ,0.0 ,0.0 ,0.0 ,0.0 ,0.0 ,0.0 ,0.0 ,0.0 ,0.0 ,0.0 ,0.0 ,0.0
FinESPACIO
  
ESPACIO   , P02_E01
nhFuncionaRef ,0 ,0 ,0 ,0 ,0 ,480 ,496 ,496 ,480 ,0 ,0 ,0
nhFuncionaCal ,744 ,672 ,744 ,720 ,744 ,0 ,0 ,0 ,0 ,744 ,720 ,744
nhCortaRef ,0 ,0 ,0 ,0 ,0 ,1 ,2 ,0 ,3 ,0 ,0 ,0
nhCortaCal ,0 ,0 ,0 ,0 ,0 ,0 ,0 ,0 ,0 ,0 ,0 ,0
QRefSen ,0.0 ,0.0 ,0.0 ,0.0 ,0.0 ,37437.203 ,94128.43 ,95477.85 ,55126.14 ,0.0 ,0.0 ,0.0
QCalSen ,260992.36 ,143121.73 ,48357.746 ,0.0 ,0.0 ,0.0 ,0.0 ,0.0 ,0.0 ,115.69824 ,34400.914 ,229840.77
QRefNoCubierta ,0.0 ,0.0 ,0.0 ,0.0 ,0.0 ,3387.5315 ,1622.9626 ,0.0 ,3363.197 ,0.0 ,0.0 ,0.0
QCalNoCubierta ,0.0 ,0.0 ,0.0 ,0.0 ,0.0 ,0.0 ,0.0 ,0.0 ,0.0 ,0.0 ,0.0 ,0.0
FinESPACIO
  
ESPACIO   , P03_E03
nhFuncionaRef ,0 ,0 ,0 ,0 ,0 ,480 ,496 ,496 ,480 ,0 ,0 ,0
nhFuncionaCal ,744 ,672 ,744 ,720 ,744 ,0 ,0 ,0 ,0 ,744 ,720 ,744
nhCortaRef ,0 ,0 ,0 ,0 ,0 ,0 ,0 ,0 ,0 ,0 ,0 ,0
nhCortaCal ,0 ,0 ,0 ,0 ,0 ,0 ,0 ,0 ,0 ,0 ,0 ,0
QRefSen ,0.0 ,0.0 ,0.0 ,0.0 ,0.0 ,2124.186 ,3306.7734 ,1573.9468 ,1919.1401 ,0.0 ,0.0 ,0.0
QCalSen ,148589.16 ,104179.45 ,54431.984 ,2397.097 ,3383.2976 ,0.0 ,0.0 ,0.0 ,0.0 ,1367.7283 ,31868.568 ,141569.56
QRefNoCubierta ,0.0 ,0.0 ,0.0 ,0.0 ,0.0 ,0.0 ,0.0 ,0.0 ,0.0 ,0.0 ,0.0 ,0.0
QCalNoCubierta ,0.0 ,0.0 ,0.0 ,0.0 ,0.0 ,0.0 ,0.0 ,0.0 ,0.0 ,0.0 ,0.0 ,0.0
FinESPACIO
  
DEMANDA_ACS   , SIS2_ACS1_Demanda_de_ACS
nhFunciona ,620 ,560 ,620 ,600 ,620 ,600 ,620 ,620 ,600 ,620 ,600 ,620
nhCorta ,0 ,0 ,0 ,0 ,0 ,0 ,0 ,0 ,0 ,0 ,0 ,0
Q ,283254.78 ,250836.1 ,277711.22 ,263120.0 ,260804.98 ,241662.61 ,238632.33 ,238632.33 ,236297.97 ,255538.8 ,263389.88 ,277711.22
QNoCubierta ,0.0 ,0.0 ,0.0 ,0.0 ,0.0 ,0.0 ,0.0 ,0.0 ,0.0 ,0.0 ,0.0 ,0.0
FinDEMANDA_ACS
  
