Time,2 P02 E01:ZARAGOZA AP ANN HTG 99.6% CONDNS DB:Des Heat Load [W],2 P02 E01:ZARAGOZA AP SEPTEMBER .4% CONDNS DB=>MCWB:Des Sens Cool Load [W],2 P02 E01:ZARAGOZA AP ANN HTG 99.6% CONDNS DB:Des Heat Mass Flow [kg/s],2 P02 E01:ZARAGOZA AP SEPTEMBER .4% CONDNS DB=>MCWB:Des Cool Mass Flow [kg/s],2 P02 E01::Des Latent Heat Load [W],2 P02 E01::Des Latent Cool Load [W],2 P02 E01::Des Latent Heat Mass Flow [kg/s],2 P02 E01::Des Latent Cool Mass Flow [kg/s],2 P02 E01::Des Heat Load No DOAS [W],2 P02 E01::Des Sens Cool Load No DOAS [W],2 P02 E01::Des Latent Heat Load No DOAS [W],2 P02 E01::Des Latent Cool Load No DOAS [W],2 P02 E01:ZARAGOZA AP ANN HTG 99.6% CONDNS DB:Heating Zone Temperature [C],2 P02 E01:ZARAGOZA AP ANN HTG 99.6% CONDNS DB:Heating Zone Relative Humidity [%],2 P02 E01:ZARAGOZA AP SEPTEMBER .4% CONDNS DB=>MCWB:Cooling Zone Temperature [C],2 P02 E01:ZARAGOZA AP SEPTEMBER .4% CONDNS DB=>MCWB:Cooling Zone Relative Humidity [%]
00:15:00,3.219656E+03,2.326796E+03,1.680565E-01,2.305764E-01,0.000000E+00,0.000000E+00,0.000000E+00,0.000000E+00,0.000000E+00,0.000000E+00,0.000000E+00,0.000000E+00,2.110884E+01,2.892332E+01,2.388712E+01,4.659762E+01
00:30:00,3.214405E+03,2.277393E+03,1.677824E-01,2.256810E-01,0.000000E+00,0.000000E+00,0.000000E+00,0.000000E+00,0.000000E+00,0.000000E+00,0.000000E+00,0.000000E+00,2.110884E+01,2.892347E+01,2.388712E+01,4.662888E+01
00:45:00,3.209165E+03,2.229848E+03,1.675088E-01,2.209695E-01,0.000000E+00,0.000000E+00,0.000000E+00,0.000000E+00,0.000000E+00,0.000000E+00,0.000000E+00,0.000000E+00,2.110884E+01,2.892361E+01,2.388711E+01,4.665964E+01
01:00:00,3.203936E+03,2.184095E+03,1.672359E-01,2.164357E-01,0.000000E+00,0.000000E+00,0.000000E+00,0.000000E+00,0.000000E+00,0.000000E+00,0.000000E+00,0.000000E+00,2.110884E+01,2.892376E+01,2.388711E+01,4.669010E+01
01:15:00,3.204188E+03,2.145915E+03,1.672491E-01,2.126523E-01,0.000000E+00,0.000000E+00,0.000000E+00,0.000000E+00,0.000000E+00,0.000000E+00,0.000000E+00,0.000000E+00,2.110884E+01,2.892390E+01,2.388711E+01,4.672045E+01
01:30:00,3.204439E+03,2.109843E+03,1.672622E-01,2.090777E-01,0.000000E+00,0.000000E+00,0.000000E+00,0.000000E+00,0.000000E+00,0.000000E+00,0.000000E+00,0.000000E+00,2.110884E+01,2.892405E+01,2.388710E+01,4.674974E+01
01:45:00,3.204689E+03,2.075862E+03,1.672752E-01,2.057105E-01,0.000000E+00,0.000000E+00,0.000000E+00,0.000000E+00,0.000000E+00,0.000000E+00,0.000000E+00,0.000000E+00,2.110884E+01,2.892419E+01,2.388709E+01,4.677779E+01
02:00:00,3.204939E+03,2.043952E+03,1.672883E-01,2.025485E-01,0.000000E+00,0.000000E+00,0.000000E+00,0.000000E+00,0.000000E+00,0.000000E+00,0.000000E+00,0.000000E+00,2.110884E+01,2.892433E+01,2.388708E+01,4.680501E+01
02:15:00,3.205189E+03,2.013511E+03,1.673013E-01,1.995320E-01,0.000000E+00,0.000000E+00,0.000000E+00,0.000000E+00,0.000000E+00,0.000000E+00,0.000000E+00,0.000000E+00,2.110884E+01,2.892448E+01,2.388708E+01,4.683170E+01
02:30:00,3.205438E+03,1.984429E+03,1.673143E-01,1.966502E-01,0.000000E+00,0.000000E+00,0.000000E+00,0.000000E+00,0.000000E+00,0.000000E+00,0.000000E+00,0.000000E+00,2.110884E+01,2.892462E+01,2.388708E+01,4.685768E+01
02:45:00,3.205686E+03,1.956600E+03,1.673273E-01,1.938925E-01,0.000000E+00,0.000000E+00,0.000000E+00,0.000000E+00,0.000000E+00,0.000000E+00,0.000000E+00,0.000000E+00,2.110884E+01,2.892476E+01,2.388708E+01,4.688301E+01
03:00:00,3.205934E+03,1.929934E+03,1.673402E-01,1.912500E-01,0.000000E+00,0.000000E+00,0.000000E+00,0.000000E+00,0.000000E+00,0.000000E+00,0.000000E+00,0.000000E+00,2.110884E+01,2.892491E+01,2.388708E+01,4.690789E+01
03:15:00,3.206181E+03,1.904040E+03,1.673531E-01,1.886840E-01,0.000000E+00,0.000000E+00,0.000000E+00,0.000000E+00,0.000000E+00,0.000000E+00,0.000000E+00,0.000000E+00,2.110884E+01,2.892505E+01,2.388708E+01,4.693250E+01
03:30:00,3.206428E+03,1.878884E+03,1.673660E-01,1.861911E-01,0.000000E+00,0.000000E+00,0.000000E+00,0.000000E+00,0.000000E+00,0.000000E+00,0.000000E+00,0.000000E+00,2.110884E+01,2.892519E+01,2.388707E+01,4.695692E+01
03:45:00,3.206674E+03,1.854443E+03,1.673788E-01,1.837691E-01,0.000000E+00,0.000000E+00,0.000000E+00,0.000000E+00,0.000000E+00,0.000000E+00,0.000000E+00,0.000000E+00,2.110884E+01,2.892533E+01,2.388707E+01,4.698117E+01
04:00:00,3.206920E+03,1.830698E+03,1.673917E-01,1.814162E-01,0.000000E+00,0.000000E+00,0.000000E+00,0.000000E+00,0.000000E+00,0.000000E+00,0.000000E+00,0.000000E+00,2.110884E+01,2.892548E+01,2.388707E+01,4.700523E+01
04:15:00,3.207165E+03,1.808062E+03,1.674045E-01,1.791731E-01,0.000000E+00,0.000000E+00,0.000000E+00,0.000000E+00,0.000000E+00,0.000000E+00,0.000000E+00,0.000000E+00,2.110884E+01,2.892562E+01,2.388707E+01,4.702908E+01
04:30:00,3.207409E+03,1.786526E+03,1.674172E-01,1.770389E-01,0.000000E+00,0.000000E+00,0.000000E+00,0.000000E+00,0.000000E+00,0.000000E+00,0.000000E+00,0.000000E+00,2.110884E+01,2.892576E+01,2.388707E+01,4.705213E+01
04:45:00,3.207653E+03,1.766069E+03,1.674300E-01,1.750117E-01,0.000000E+00,0.000000E+00,0.000000E+00,0.000000E+00,0.000000E+00,0.000000E+00,0.000000E+00,0.000000E+00,2.110884E+01,2.892590E+01,2.388706E+01,4.707426E+01
05:00:00,3.207897E+03,1.746664E+03,1.674427E-01,1.730889E-01,0.000000E+00,0.000000E+00,0.000000E+00,0.000000E+00,0.000000E+00,0.000000E+00,0.000000E+00,0.000000E+00,2.110884E+01,2.892604E+01,2.388706E+01,4.709572E+01
05:15:00,3.208140E+03,1.729708E+03,1.674553E-01,1.714085E-01,0.000000E+00,0.000000E+00,0.000000E+00,0.000000E+00,0.000000E+00,0.000000E+00,0.000000E+00,0.000000E+00,2.110884E+01,2.892618E+01,2.388706E+01,4.711674E+01
05:30:00,3.208382E+03,1.715258E+03,1.674680E-01,1.699767E-01,0.000000E+00,0.000000E+00,0.000000E+00,0.000000E+00,0.000000E+00,0.000000E+00,0.000000E+00,0.000000E+00,2.110884E+01,2.892632E+01,2.388705E+01,4.713478E+01
05:45:00,3.208624E+03,1.703327E+03,1.674806E-01,1.687945E-01,0.000000E+00,0.000000E+00,0.000000E+00,0.000000E+00,0.000000E+00,0.000000E+00,0.000000E+00,0.000000E+00,2.110884E+01,2.892646E+01,2.388704E+01,4.714933E+01
06:00:00,3.208865E+03,1.693954E+03,1.674932E-01,1.678658E-01,0.000000E+00,0.000000E+00,0.000000E+00,0.000000E+00,0.000000E+00,0.000000E+00,0.000000E+00,0.000000E+00,2.110884E+01,2.892660E+01,2.388703E+01,4.716141E+01
06:15:00,3.209106E+03,1.687519E+03,1.675058E-01,1.672283E-01,0.000000E+00,0.000000E+00,0.000000E+00,0.000000E+00,0.000000E+00,0.000000E+00,0.000000E+00,0.000000E+00,2.110884E+01,2.892673E+01,2.388702E+01,4.717205E+01
06:30:00,3.209346E+03,1.684044E+03,1.675183E-01,1.668841E-01,0.000000E+00,0.000000E+00,0.000000E+00,0.000000E+00,0.000000E+00,0.000000E+00,0.000000E+00,0.000000E+00,2.110884E+01,2.892687E+01,2.388701E+01,4.717856E+01
06:45:00,3.209586E+03,1.683567E+03,1.675309E-01,1.668369E-01,0.000000E+00,0.000000E+00,0.000000E+00,0.000000E+00,0.000000E+00,0.000000E+00,0.000000E+00,0.000000E+00,2.110884E+01,2.892701E+01,2.388699E+01,4.718053E+01
07:00:00,3.209825E+03,1.705713E+03,1.675433E-01,1.690317E-01,0.000000E+00,0.000000E+00,0.000000E+00,0.000000E+00,0.000000E+00,0.000000E+00,0.000000E+00,0.000000E+00,2.110884E+01,2.892715E+01,2.388698E+01,4.717926E+01
07:15:00,3.210064E+03,1.782082E+03,1.675558E-01,1.766004E-01,0.000000E+00,0.000000E+00,0.000000E+00,0.000000E+00,0.000000E+00,0.000000E+00,0.000000E+00,0.000000E+00,2.110884E+01,2.892728E+01,2.388690E+01,4.714787E+01
07:30:00,3.210302E+03,1.927638E+03,1.675682E-01,1.910260E-01,0.000000E+00,0.000000E+00,0.000000E+00,0.000000E+00,0.000000E+00,0.000000E+00,0.000000E+00,0.000000E+00,2.110884E+01,2.892742E+01,2.388675E+01,4.703924E+01
07:45:00,3.210540E+03,2.145860E+03,1.675806E-01,2.126535E-01,0.000000E+00,0.000000E+00,0.000000E+00,0.000000E+00,0.000000E+00,0.000000E+00,0.000000E+00,0.000000E+00,2.110884E+01,2.892756E+01,2.388665E+01,4.685346E+01
08:00:00,3.210777E+03,2.416731E+03,1.675930E-01,2.394987E-01,0.000000E+00,0.000000E+00,0.000000E+00,0.000000E+00,0.000000E+00,0.000000E+00,0.000000E+00,0.000000E+00,2.110884E+01,2.892769E+01,2.388662E+01,4.663553E+01
08:15:00,3.211014E+03,2.706444E+03,1.676054E-01,2.682108E-01,0.000000E+00,0.000000E+00,0.000000E+00,0.000000E+00,0.000000E+00,0.000000E+00,0.000000E+00,0.000000E+00,2.110884E+01,2.892783E+01,2.388666E+01,4.643156E+01
08:30:00,3.211250E+03,2.999801E+03,1.676177E-01,2.972826E-01,0.000000E+00,0.000000E+00,0.000000E+00,0.000000E+00,0.000000E+00,0.000000E+00,0.000000E+00,0.000000E+00,2.110884E+01,2.892797E+01,2.388672E+01,4.626163E+01
08:45:00,3.211486E+03,3.292973E+03,1.676300E-01,3.263349E-01,0.000000E+00,0.000000E+00,0.000000E+00,0.000000E+00,0.000000E+00,0.000000E+00,0.000000E+00,0.000000E+00,2.110884E+01,2.892810E+01,2.388679E+01,4.612423E+01
09:00:00,3.211721E+03,3.585566E+03,1.676423E-01,3.553290E-01,0.000000E+00,0.000000E+00,0.000000E+00,0.000000E+00,0.000000E+00,0.000000E+00,0.000000E+00,0.000000E+00,2.110884E+01,2.892824E+01,2.388684E+01,4.601070E+01
09:15:00,3.211955E+03,3.875241E+03,1.676545E-01,3.840337E-01,0.000000E+00,0.000000E+00,0.000000E+00,0.000000E+00,0.000000E+00,0.000000E+00,0.000000E+00,0.000000E+00,2.110884E+01,2.892837E+01,2.388688E+01,4.591424E+01
09:30:00,3.212189E+03,4.159997E+03,1.676667E-01,4.122508E-01,0.000000E+00,0.000000E+00,0.000000E+00,0.000000E+00,0.000000E+00,0.000000E+00,0.000000E+00,0.000000E+00,2.110884E+01,2.892851E+01,2.388692E+01,4.583189E+01
09:45:00,3.212423E+03,4.437187E+03,1.676789E-01,4.397181E-01,0.000000E+00,0.000000E+00,0.000000E+00,0.000000E+00,0.000000E+00,0.000000E+00,0.000000E+00,0.000000E+00,2.110884E+01,2.892864E+01,2.388696E+01,4.576166E+01
10:00:00,3.212656E+03,4.703594E+03,1.676911E-01,4.661169E-01,0.000000E+00,0.000000E+00,0.000000E+00,0.000000E+00,0.000000E+00,0.000000E+00,0.000000E+00,0.000000E+00,2.110884E+01,2.892877E+01,2.388699E+01,4.570179E+01
10:15:00,3.212888E+03,4.955646E+03,1.677032E-01,4.910930E-01,0.000000E+00,0.000000E+00,0.000000E+00,0.000000E+00,0.000000E+00,0.000000E+00,0.000000E+00,0.000000E+00,2.110884E+01,2.892891E+01,2.388702E+01,4.565085E+01
10:30:00,3.213120E+03,5.189602E+03,1.677153E-01,5.142760E-01,0.000000E+00,0.000000E+00,0.000000E+00,0.000000E+00,0.000000E+00,0.000000E+00,0.000000E+00,0.000000E+00,2.110884E+01,2.892904E+01,2.388705E+01,4.560814E+01
10:45:00,3.213352E+03,5.401976E+03,1.677274E-01,5.353201E-01,0.000000E+00,0.000000E+00,0.000000E+00,0.000000E+00,0.000000E+00,0.000000E+00,0.000000E+00,0.000000E+00,2.110884E+01,2.892917E+01,2.388707E+01,4.557273E+01
11:00:00,3.213583E+03,5.590008E+03,1.677395E-01,5.539521E-01,0.000000E+00,0.000000E+00,0.000000E+00,0.000000E+00,0.000000E+00,0.000000E+00,0.000000E+00,0.000000E+00,2.110884E+01,2.892931E+01,2.388710E+01,4.554362E+01
11:15:00,3.213813E+03,5.750596E+03,1.677515E-01,5.698644E-01,0.000000E+00,0.000000E+00,0.000000E+00,0.000000E+00,0.000000E+00,0.000000E+00,0.000000E+00,0.000000E+00,2.110884E+01,2.892944E+01,2.388712E+01,4.552001E+01
11:30:00,3.214043E+03,5.879545E+03,1.677635E-01,5.826416E-01,0.000000E+00,0.000000E+00,0.000000E+00,0.000000E+00,0.000000E+00,0.000000E+00,0.000000E+00,0.000000E+00,2.110884E+01,2.892957E+01,2.388714E+01,4.550194E+01
11:45:00,3.214273E+03,5.979696E+03,1.677755E-01,5.925649E-01,0.000000E+00,0.000000E+00,0.000000E+00,0.000000E+00,0.000000E+00,0.000000E+00,0.000000E+00,0.000000E+00,2.110884E+01,2.892970E+01,2.388716E+01,4.548960E+01
12:00:00,3.214502E+03,6.055044E+03,1.677874E-01,6.000305E-01,0.000000E+00,0.000000E+00,0.000000E+00,0.000000E+00,0.000000E+00,0.000000E+00,0.000000E+00,0.000000E+00,2.110884E+01,2.892983E+01,2.388717E+01,4.548087E+01
12:15:00,3.214730E+03,6.111509E+03,1.677993E-01,6.056249E-01,0.000000E+00,0.000000E+00,0.000000E+00,0.000000E+00,0.000000E+00,0.000000E+00,0.000000E+00,0.000000E+00,2.110884E+01,2.892996E+01,2.388718E+01,4.547392E+01
12:30:00,3.214958E+03,6.158408E+03,1.678112E-01,6.102717E-01,0.000000E+00,0.000000E+00,0.000000E+00,0.000000E+00,0.000000E+00,0.000000E+00,0.000000E+00,0.000000E+00,2.110884E+01,2.893009E+01,2.388719E+01,4.546831E+01
12:45:00,3.215185E+03,6.200205E+03,1.678231E-01,6.144130E-01,0.000000E+00,0.000000E+00,0.000000E+00,0.000000E+00,0.000000E+00,0.000000E+00,0.000000E+00,0.000000E+00,2.110884E+01,2.893022E+01,2.388719E+01,4.546349E+01
13:00:00,3.215412E+03,6.242167E+03,1.678350E-01,6.185710E-01,0.000000E+00,0.000000E+00,0.000000E+00,0.000000E+00,0.000000E+00,0.000000E+00,0.000000E+00,0.000000E+00,2.110884E+01,2.893035E+01,2.388719E+01,4.545864E+01
13:15:00,3.215639E+03,6.288507E+03,1.678468E-01,6.231628E-01,0.000000E+00,0.000000E+00,0.000000E+00,0.000000E+00,0.000000E+00,0.000000E+00,0.000000E+00,0.000000E+00,2.110884E+01,2.893048E+01,2.388719E+01,4.545289E+01
13:30:00,3.215865E+03,6.340481E+03,1.678586E-01,6.283132E-01,0.000000E+00,0.000000E+00,0.000000E+00,0.000000E+00,0.000000E+00,0.000000E+00,0.000000E+00,0.000000E+00,2.110884E+01,2.893061E+01,2.388719E+01,4.544633E+01
13:45:00,3.216090E+03,6.396708E+03,1.678703E-01,6.338849E-01,0.000000E+00,0.000000E+00,0.000000E+00,0.000000E+00,0.000000E+00,0.000000E+00,0.000000E+00,0.000000E+00,2.110884E+01,2.893074E+01,2.388719E+01,4.543943E+01
14:00:00,3.216315E+03,6.453225E+03,1.678821E-01,6.394855E-01,0.000000E+00,0.000000E+00,0.000000E+00,0.000000E+00,0.000000E+00,0.000000E+00,0.000000E+00,0.000000E+00,2.110884E+01,2.893087E+01,2.388719E+01,4.543266E+01
14:15:00,3.216540E+03,6.504180E+03,1.678938E-01,6.445349E-01,0.000000E+00,0.000000E+00,0.000000E+00,0.000000E+00,0.000000E+00,0.000000E+00,0.000000E+00,0.000000E+00,2.110884E+01,2.893100E+01,2.388720E+01,4.542643E+01
14:30:00,3.216764E+03,6.548829E+03,1.679055E-01,6.489593E-01,0.000000E+00,0.000000E+00,0.000000E+00,0.000000E+00,0.000000E+00,0.000000E+00,0.000000E+00,0.000000E+00,2.110884E+01,2.893113E+01,2.388720E+01,4.542180E+01
14:45:00,3.216987E+03,6.582424E+03,1.679171E-01,6.522882E-01,0.000000E+00,0.000000E+00,0.000000E+00,0.000000E+00,0.000000E+00,0.000000E+00,0.000000E+00,0.000000E+00,2.110884E+01,2.893126E+01,2.388721E+01,4.541809E+01
15:00:00,3.217210E+03,6.600973E+03,1.679288E-01,6.541259E-01,0.000000E+00,0.000000E+00,0.000000E+00,0.000000E+00,0.000000E+00,0.000000E+00,0.000000E+00,0.000000E+00,2.110884E+01,2.893138E+01,2.388721E+01,4.541584E+01
15:15:00,3.217433E+03,6.600950E+03,1.679404E-01,6.541233E-01,0.000000E+00,0.000000E+00,0.000000E+00,0.000000E+00,0.000000E+00,0.000000E+00,0.000000E+00,0.000000E+00,2.110884E+01,2.893151E+01,2.388722E+01,4.541573E+01
15:30:00,3.217655E+03,6.576955E+03,1.679520E-01,6.517452E-01,0.000000E+00,0.000000E+00,0.000000E+00,0.000000E+00,0.000000E+00,0.000000E+00,0.000000E+00,0.000000E+00,2.110884E+01,2.893164E+01,2.388723E+01,4.541876E+01
15:45:00,3.217876E+03,6.528611E+03,1.679636E-01,6.469540E-01,0.000000E+00,0.000000E+00,0.000000E+00,0.000000E+00,0.000000E+00,0.000000E+00,0.000000E+00,0.000000E+00,2.110884E+01,2.893177E+01,2.388723E+01,4.542475E+01
16:00:00,3.218097E+03,6.455810E+03,1.679751E-01,6.397394E-01,0.000000E+00,0.000000E+00,0.000000E+00,0.000000E+00,0.000000E+00,0.000000E+00,0.000000E+00,0.000000E+00,2.110884E+01,2.893189E+01,2.388724E+01,4.543335E+01
16:15:00,3.218318E+03,6.360569E+03,1.679866E-01,6.303010E-01,0.000000E+00,0.000000E+00,0.000000E+00,0.000000E+00,0.000000E+00,0.000000E+00,0.000000E+00,0.000000E+00,2.110884E+01,2.893202E+01,2.388725E+01,4.544455E+01
16:30:00,3.218538E+03,6.243615E+03,1.679981E-01,6.187111E-01,0.000000E+00,0.000000E+00,0.000000E+00,0.000000E+00,0.000000E+00,0.000000E+00,0.000000E+00,0.000000E+00,2.110884E+01,2.893215E+01,2.388725E+01,4.545879E+01
16:45:00,3.218757E+03,6.105235E+03,1.680095E-01,6.049979E-01,0.000000E+00,0.000000E+00,0.000000E+00,0.000000E+00,0.000000E+00,0.000000E+00,0.000000E+00,0.000000E+00,2.110884E+01,2.893227E+01,2.388726E+01,4.547616E+01
17:00:00,3.218976E+03,5.947892E+03,1.680210E-01,5.894057E-01,0.000000E+00,0.000000E+00,0.000000E+00,0.000000E+00,0.000000E+00,0.000000E+00,0.000000E+00,0.000000E+00,2.110884E+01,2.893240E+01,2.388726E+01,4.549689E+01
17:15:00,3.219195E+03,5.774361E+03,1.680324E-01,5.722093E-01,0.000000E+00,0.000000E+00,0.000000E+00,0.000000E+00,0.000000E+00,0.000000E+00,0.000000E+00,0.000000E+00,2.110884E+01,2.893252E+01,2.388727E+01,4.552073E+01
17:30:00,3.219413E+03,5.587365E+03,1.680438E-01,5.536788E-01,0.000000E+00,0.000000E+00,0.000000E+00,0.000000E+00,0.000000E+00,0.000000E+00,0.000000E+00,0.000000E+00,2.110884E+01,2.893265E+01,2.388727E+01,4.554778E+01
17:45:00,3.219631E+03,5.390671E+03,1.680551E-01,5.341872E-01,0.000000E+00,0.000000E+00,0.000000E+00,0.000000E+00,0.000000E+00,0.000000E+00,0.000000E+00,0.000000E+00,2.110884E+01,2.893277E+01,2.388727E+01,4.557805E+01
18:00:00,3.219848E+03,5.185728E+03,1.680665E-01,5.138784E-01,0.000000E+00,0.000000E+00,0.000000E+00,0.000000E+00,0.000000E+00,0.000000E+00,0.000000E+00,0.000000E+00,2.110884E+01,2.893290E+01,2.388727E+01,4.561152E+01
18:15:00,3.220065E+03,4.971713E+03,1.680778E-01,4.926706E-01,0.000000E+00,0.000000E+00,0.000000E+00,0.000000E+00,0.000000E+00,0.000000E+00,0.000000E+00,0.000000E+00,2.110884E+01,2.893302E+01,2.388727E+01,4.564846E+01
18:30:00,3.220281E+03,4.746900E+03,1.680891E-01,4.703927E-01,0.000000E+00,0.000000E+00,0.000000E+00,0.000000E+00,0.000000E+00,0.000000E+00,0.000000E+00,0.000000E+00,2.110884E+01,2.893314E+01,2.388727E+01,4.569054E+01
18:45:00,3.220497E+03,4.508315E+03,1.681003E-01,4.467500E-01,0.000000E+00,0.000000E+00,0.000000E+00,0.000000E+00,0.000000E+00,0.000000E+00,0.000000E+00,0.000000E+00,2.110884E+01,2.893327E+01,2.388728E+01,4.573938E+01
19:00:00,3.220712E+03,4.257001E+03,1.681116E-01,4.218460E-01,0.000000E+00,0.000000E+00,0.000000E+00,0.000000E+00,0.000000E+00,0.000000E+00,0.000000E+00,0.000000E+00,2.110884E+01,2.893339E+01,2.388729E+01,4.579673E+01
19:15:00,3.220927E+03,4.012832E+03,1.681228E-01,3.976500E-01,0.000000E+00,0.000000E+00,0.000000E+00,0.000000E+00,0.000000E+00,0.000000E+00,0.000000E+00,0.000000E+00,2.110884E+01,2.893351E+01,2.388729E+01,4.586251E+01
19:30:00,3.221141E+03,3.795634E+03,1.681340E-01,3.761267E-01,0.000000E+00,0.000000E+00,0.000000E+00,0.000000E+00,0.000000E+00,0.000000E+00,0.000000E+00,0.000000E+00,2.110884E+01,2.893363E+01,2.388728E+01,4.592745E+01
19:45:00,3.221355E+03,3.616627E+03,1.681451E-01,3.583884E-01,0.000000E+00,0.000000E+00,0.000000E+00,0.000000E+00,0.000000E+00,0.000000E+00,0.000000E+00,0.000000E+00,2.110884E+01,2.893376E+01,2.388725E+01,4.598187E+01
20:00:00,3.221568E+03,3.479217E+03,1.681563E-01,3.447725E-01,0.000000E+00,0.000000E+00,0.000000E+00,0.000000E+00,0.000000E+00,0.000000E+00,0.000000E+00,0.000000E+00,2.110884E+01,2.893388E+01,2.388722E+01,4.602540E+01
20:15:00,3.221781E+03,3.370448E+03,1.681674E-01,3.339948E-01,0.000000E+00,0.000000E+00,0.000000E+00,0.000000E+00,0.000000E+00,0.000000E+00,0.000000E+00,0.000000E+00,2.110884E+01,2.893400E+01,2.388720E+01,4.606287E+01
20:30:00,3.221994E+03,3.275610E+03,1.681785E-01,3.245976E-01,0.000000E+00,0.000000E+00,0.000000E+00,0.000000E+00,0.000000E+00,0.000000E+00,0.000000E+00,0.000000E+00,2.110884E+01,2.893412E+01,2.388719E+01,4.609763E+01
20:45:00,3.222206E+03,3.188903E+03,1.681895E-01,3.160059E-01,0.000000E+00,0.000000E+00,0.000000E+00,0.000000E+00,0.000000E+00,0.000000E+00,0.000000E+00,0.000000E+00,2.110884E+01,2.893424E+01,2.388718E+01,4.613134E+01
21:00:00,3.222417E+03,3.108163E+03,1.682006E-01,3.080052E-01,0.000000E+00,0.000000E+00,0.000000E+00,0.000000E+00,0.000000E+00,0.000000E+00,0.000000E+00,0.000000E+00,2.110884E+01,2.893436E+01,2.388717E+01,4.616462E+01
21:15:00,3.222628E+03,3.031338E+03,1.682116E-01,3.003924E-01,0.000000E+00,0.000000E+00,0.000000E+00,0.000000E+00,0.000000E+00,0.000000E+00,0.000000E+00,0.000000E+00,2.110884E+01,2.893448E+01,2.388717E+01,4.619773E+01
21:30:00,3.222839E+03,2.957755E+03,1.682226E-01,2.931008E-01,0.000000E+00,0.000000E+00,0.000000E+00,0.000000E+00,0.000000E+00,0.000000E+00,0.000000E+00,0.000000E+00,2.110884E+01,2.893460E+01,2.388717E+01,4.623081E+01
21:45:00,3.223049E+03,2.887043E+03,1.682336E-01,2.860937E-01,0.000000E+00,0.000000E+00,0.000000E+00,0.000000E+00,0.000000E+00,0.000000E+00,0.000000E+00,0.000000E+00,2.110884E+01,2.893472E+01,2.388716E+01,4.626393E+01
22:00:00,3.223259E+03,2.818975E+03,1.682445E-01,2.793486E-01,0.000000E+00,0.000000E+00,0.000000E+00,0.000000E+00,0.000000E+00,0.000000E+00,0.000000E+00,0.000000E+00,2.110884E+01,2.893484E+01,2.388716E+01,4.629715E+01
22:15:00,3.223468E+03,2.754323E+03,1.682554E-01,2.729419E-01,0.000000E+00,0.000000E+00,0.000000E+00,0.000000E+00,0.000000E+00,0.000000E+00,0.000000E+00,0.000000E+00,2.110884E+01,2.893496E+01,2.388716E+01,4.633048E+01
22:30:00,3.223677E+03,2.692986E+03,1.682663E-01,2.668637E-01,0.000000E+00,0.000000E+00,0.000000E+00,0.000000E+00,0.000000E+00,0.000000E+00,0.000000E+00,0.000000E+00,2.110884E+01,2.893508E+01,2.388715E+01,4.636309E+01
22:45:00,3.223885E+03,2.634843E+03,1.682772E-01,2.611021E-01,0.000000E+00,0.000000E+00,0.000000E+00,0.000000E+00,0.000000E+00,0.000000E+00,0.000000E+00,0.000000E+00,2.110884E+01,2.893520E+01,2.388715E+01,4.639492E+01
23:00:00,3.224093E+03,2.579773E+03,1.682880E-01,2.556451E-01,0.000000E+00,0.000000E+00,0.000000E+00,0.000000E+00,0.000000E+00,0.000000E+00,0.000000E+00,0.000000E+00,2.110884E+01,2.893532E+01,2.388714E+01,4.642631E+01
23:15:00,3.224300E+03,2.526715E+03,1.682989E-01,2.503873E-01,0.000000E+00,0.000000E+00,0.000000E+00,0.000000E+00,0.000000E+00,0.000000E+00,0.000000E+00,0.000000E+00,2.110884E+01,2.893544E+01,2.388714E+01,4.645757E+01
23:30:00,3.224507E+03,2.475504E+03,1.683097E-01,2.453126E-01,0.000000E+00,0.000000E+00,0.000000E+00,0.000000E+00,0.000000E+00,0.000000E+00,0.000000E+00,0.000000E+00,2.110884E+01,2.893556E+01,2.388714E+01,4.648884E+01
23:45:00,3.224713E+03,2.426013E+03,1.683204E-01,2.404083E-01,0.000000E+00,0.000000E+00,0.000000E+00,0.000000E+00,0.000000E+00,0.000000E+00,0.000000E+00,0.000000E+00,2.110884E+01,2.893568E+01,2.388713E+01,4.652013E+01
24:00:00,3.224919E+03,2.378126E+03,1.683312E-01,2.356630E-01,0.000000E+00,0.000000E+00,0.000000E+00,0.000000E+00,0.000000E+00,0.000000E+00,0.000000E+00,0.000000E+00,2.110884E+01,2.893579E+01,2.388713E+01,4.655143E+01
Peak,3.224919E+03,6.600973E+03,1.683312E-01,6.541259E-01,0.000000E+00,0.000000E+00,0.000000E+00,0.000000E+00,0.000000E+00,0.000000E+00,0.000000E+00,0.000000E+00,,,,

Peak Vol Flow (m3/s),,,1.442146E-01,5.604100E-01,,,0.000000E+00,0.000000E+00,,,,,,,,
