ProyectoEdificio, c:\proyectoscteycee\ctehe2019\proyectos\ejemplopmt_fotovoltaica\newbdl_ds.xml, zonaC2.bin

BDC_AIREAGUA, SIS5_EQ1_EQ_ED_AireAgua_BDC-ACS-Defecto
demandaACS, 1422266.4 ,1261191.6 ,1370436.9 ,1252498.6 ,1242411.6 ,1127096.4 ,1112835.1 ,1112835.1 ,1127096.4 ,1266773.8 ,1301148.9 ,1396350.4 ,
demandaCAL, 0.0 ,0.0 ,0.0 ,0.0 ,0.0 ,0.0 ,0.0 ,0.0 ,0.0 ,0.0 ,0.0 ,0.0 ,
consumoElectricidad, 479570.56 ,422501.28 ,448266.84 ,399193.44 ,373563.53 ,329573.94 ,312432.88 ,312855.8 ,326215.1 ,373366.7 ,413816.6 ,464999.0 ,
nhFunciona, 620 ,560 ,620 ,600 ,620 ,600 ,620 ,620 ,600 ,620 ,600 ,620 ,
nhCortaACS, 0 ,2 ,0 ,0 ,0 ,0 ,0 ,0 ,0 ,0 ,0 ,0 ,
nhCortaCAL, 0 ,0 ,0 ,0 ,0 ,0 ,0 ,0 ,0 ,0 ,0 ,0 ,
FinBDC_AIREAGUA
  
AUTONOMO_UE, SIS6_EQ1_EQ_ED_UnidadExterior-Defecto
demandaSenRef, 797.9073 ,0.0 ,3803.6738 ,0.0 ,496589.34 ,542923.0 ,1877575.9 ,1700344.8 ,428877.62 ,11814.093 ,4619.0566 ,3911.921 ,
demandaTotRef, 850.03314 ,0.0 ,4303.865 ,0.0 ,595869.56 ,685042.56 ,2164337.8 ,1949139.6 ,559244.3 ,13874.804 ,5427.705 ,4232.217 ,
demandaCal, 4387730.5 ,3391302.0 ,2139677.2 ,937232.9 ,574210.56 ,7304.974 ,0.0 ,0.0 ,82.42188 ,202694.36 ,2338581.2 ,4269169.5 ,
consumoRef, 1844.4785 ,0.0 ,4594.509 ,0.0 ,210508.0 ,310974.0 ,663713.3 ,656762.6 ,229587.1 ,39522.93 ,8388.319 ,7801.154 ,
consumoCal, 1461123.4 ,1194328.4 ,880578.2 ,440731.22 ,255740.95 ,7021.711 ,0.0 ,0.0 ,2714.503 ,94205.24 ,840945.06 ,1395111.4 ,
nhFuncionaRef, 1 ,0 ,2 ,0 ,78 ,120 ,208 ,227 ,84 ,17 ,4 ,4 ,
nhFuncionaCal, 244 ,222 ,217 ,142 ,94 ,4 ,0 ,0 ,2 ,39 ,227 ,244 ,
nhCortaRef, 0 ,0 ,0 ,0 ,0 ,0 ,0 ,0 ,0 ,0 ,0 ,0 ,
nhCortaCal, 0 ,0 ,0 ,0 ,0 ,0 ,0 ,0 ,0 ,0 ,0 ,0 ,
FinAUTONOMO_UE
  
AUTONOMO_UE, SIS2_EQ1_EQ_ED_UnidadExterior-Defecto
demandaSenRef, 4142.9067 ,920.99286 ,10169.042 ,0.0 ,673669.5 ,774249.0 ,2272735.0 ,2102781.5 ,610054.1 ,55302.867 ,16283.332 ,14204.447 ,
demandaTotRef, 4392.462 ,975.3203 ,11311.934 ,0.0 ,803185.44 ,960139.6 ,2599990.5 ,2397089.8 ,779360.4 ,66890.32 ,18643.328 ,15340.517 ,
demandaCal, 3672233.2 ,2809638.2 ,1763555.4 ,777642.6 ,420002.03 ,12814.522 ,0.0 ,0.0 ,139.52315 ,169702.6 ,1817289.6 ,3502367.8 ,
consumoRef, 6766.4844 ,6036.4014 ,11015.723 ,0.0 ,253680.6 ,394906.47 ,754656.0 ,723938.56 ,317999.03 ,141791.12 ,20520.684 ,11969.667 ,
consumoCal, 1289547.8 ,1053347.5 ,784092.06 ,407580.28 ,224841.42 ,8241.212 ,0.0 ,0.0 ,1402.9973 ,84742.164 ,718912.25 ,1208500.6 ,
nhFuncionaRef, 4 ,3 ,5 ,0 ,90 ,149 ,228 ,237 ,116 ,63 ,10 ,6 ,
nhFuncionaCal, 242 ,220 ,214 ,146 ,96 ,4 ,0 ,0 ,1 ,37 ,219 ,236 ,
nhCortaRef, 0 ,0 ,0 ,0 ,0 ,0 ,0 ,0 ,0 ,0 ,0 ,0 ,
nhCortaCal, 0 ,0 ,0 ,0 ,0 ,0 ,0 ,0 ,0 ,0 ,0 ,0 ,
FinAUTONOMO_UE
  
AUTONOMO_UE, SIS3_EQ2_EQ_ED_UnidadExterior-Defecto
demandaSenRef, 4301.563 ,1113.2202 ,10746.457 ,300.57294 ,715694.25 ,835087.94 ,2381311.8 ,2246308.2 ,660904.8 ,67072.41 ,17200.5 ,14574.295 ,
demandaTotRef, 4557.9775 ,1180.7333 ,11927.385 ,314.92743 ,852689.1 ,1031862.06 ,2719794.2 ,2556026.5 ,839928.1 ,81443.22 ,19676.383 ,15741.253 ,
demandaCal, 3779106.0 ,2888967.5 ,1785747.6 ,768084.75 ,460604.5 ,10552.463 ,0.0 ,0.0 ,247.37637 ,169594.11 ,1877825.1 ,3612218.0 ,
consumoRef, 5491.381 ,6036.17 ,13040.165 ,5797.2666 ,260329.14 ,409677.25 ,782007.56 ,748412.4 ,335390.25 ,144215.94 ,22372.58 ,11979.159 ,
consumoCal, 1315699.9 ,1072361.1 ,794022.25 ,397827.66 ,254678.47 ,7755.5957 ,0.0 ,0.0 ,2750.6536 ,83503.164 ,730811.06 ,1232939.8 ,
nhFuncionaRef, 3 ,3 ,6 ,3 ,91 ,154 ,235 ,242 ,122 ,64 ,11 ,6 ,
nhFuncionaCal, 242 ,219 ,217 ,140 ,113 ,4 ,0 ,0 ,2 ,36 ,218 ,235 ,
nhCortaRef, 0 ,0 ,0 ,0 ,0 ,0 ,0 ,0 ,0 ,0 ,0 ,0 ,
nhCortaCal, 0 ,0 ,0 ,0 ,0 ,0 ,0 ,0 ,0 ,0 ,0 ,0 ,
FinAUTONOMO_UE
  
AUTONOMO_UE, SIS4_EQ3_EQ_ED_UnidadExterior-Defecto
demandaSenRef, 2377.0198 ,131.46217 ,8376.699 ,221.14479 ,616255.5 ,774678.75 ,2349054.5 ,2196842.2 ,591557.1 ,28973.914 ,10545.934 ,9006.137 ,
demandaTotRef, 2545.1123 ,140.72638 ,9412.84 ,233.60776 ,735444.4 ,960003.1 ,2683272.0 ,2499760.5 ,758540.44 ,35092.074 ,12258.996 ,9834.695 ,
demandaCal, 4635736.0 ,3592825.5 ,2375852.8 ,1098889.1 ,684961.5 ,13318.923 ,0.0 ,0.0 ,407.37894 ,230797.55 ,2443287.8 ,4464631.0 ,
consumoRef, 3747.4463 ,2077.2031 ,9128.549 ,3605.0938 ,240567.77 ,387343.28 ,771037.56 ,737600.2 ,300773.5 ,66860.266 ,12582.02 ,7882.8433 ,
consumoCal, 1526770.2 ,1249142.9 ,956214.3 ,504310.72 ,313210.78 ,9965.655 ,0.0 ,0.0 ,2787.4116 ,102880.43 ,860423.06 ,1438486.9 ,
nhFuncionaRef, 2 ,1 ,4 ,2 ,86 ,145 ,229 ,237 ,108 ,29 ,6 ,4 ,
nhFuncionaCal, 244 ,221 ,228 ,161 ,120 ,5 ,0 ,0 ,2 ,41 ,221 ,238 ,
nhCortaRef, 0 ,0 ,0 ,0 ,0 ,0 ,0 ,0 ,0 ,0 ,0 ,0 ,
nhCortaCal, 0 ,0 ,0 ,0 ,0 ,0 ,0 ,0 ,0 ,0 ,0 ,0 ,
FinAUTONOMO_UE
  
ESPACIO   , P01_E01
nhFuncionaRef ,248 ,224 ,248 ,240 ,248 ,240 ,248 ,248 ,240 ,248 ,240 ,248
nhFuncionaCal ,248 ,224 ,248 ,240 ,248 ,240 ,248 ,248 ,240 ,248 ,240 ,248
nhCortaRef ,0 ,0 ,0 ,0 ,0 ,0 ,0 ,0 ,0 ,0 ,0 ,0
nhCortaCal ,2 ,1 ,0 ,0 ,0 ,0 ,0 ,0 ,0 ,0 ,0 ,1
QRefSen ,119249.52 ,93580.24 ,159550.73 ,133962.11 ,227254.9 ,284302.62 ,474570.78 ,484832.34 ,290664.66 ,253660.66 ,181163.56 ,120777.64
QCalSen ,229601.77 ,174316.8 ,71080.85 ,24435.992 ,24837.256 ,180.86328 ,0.0 ,0.0 ,1817.2109 ,2238.2607 ,58536.277 ,213641.36
QRefNoCubierta ,0.0 ,0.0 ,0.0 ,0.0 ,0.0 ,0.0 ,0.0 ,0.0 ,0.0 ,0.0 ,0.0 ,0.0
QCalNoCubierta ,5598.4854 ,2441.268 ,0.0 ,0.0 ,0.0 ,0.0 ,0.0 ,0.0 ,0.0 ,0.0 ,0.0 ,3004.6348
FinESPACIO
  
ESPACIO   , P01_E02
nhFuncionaRef ,248 ,224 ,248 ,240 ,248 ,240 ,248 ,248 ,240 ,248 ,240 ,248
nhFuncionaCal ,248 ,224 ,248 ,240 ,248 ,240 ,248 ,248 ,240 ,248 ,240 ,248
nhCortaRef ,0 ,0 ,0 ,0 ,0 ,0 ,0 ,0 ,0 ,0 ,0 ,0
nhCortaCal ,8 ,4 ,2 ,0 ,0 ,0 ,0 ,0 ,0 ,0 ,0 ,6
QRefSen ,27422.203 ,36835.914 ,118766.78 ,195192.25 ,286477.9 ,250738.8 ,419077.9 ,449581.22 ,237604.39 ,202053.9 ,48844.797 ,23412.508
QCalSen ,421037.56 ,294622.06 ,129262.61 ,20502.623 ,28474.307 ,556.58594 ,0.0 ,0.0 ,3215.289 ,13046.898 ,192582.42 ,447716.72
QRefNoCubierta ,0.0 ,0.0 ,0.0 ,0.0 ,0.0 ,0.0 ,0.0 ,0.0 ,0.0 ,0.0 ,0.0 ,0.0
QCalNoCubierta ,19011.457 ,8452.572 ,3889.85 ,0.0 ,0.0 ,0.0 ,0.0 ,0.0 ,0.0 ,0.0 ,0.0 ,13660.728
FinESPACIO
  
ESPACIO   , P01_E03
nhFuncionaRef ,248 ,224 ,248 ,240 ,248 ,240 ,248 ,248 ,240 ,248 ,240 ,248
nhFuncionaCal ,248 ,224 ,248 ,240 ,248 ,240 ,248 ,248 ,240 ,248 ,240 ,248
nhCortaRef ,0 ,0 ,0 ,0 ,0 ,0 ,0 ,0 ,0 ,0 ,0 ,0
nhCortaCal ,8 ,5 ,3 ,0 ,0 ,0 ,0 ,0 ,0 ,0 ,0 ,9
QRefSen ,4216.0195 ,4567.287 ,47020.13 ,126567.945 ,258102.55 ,387464.66 ,598843.4 ,531243.6 ,274470.3 ,182678.55 ,10688.411 ,2320.3018
QCalSen ,530590.25 ,352400.2 ,172029.2 ,30297.074 ,14756.9 ,72.02539 ,0.0 ,0.0 ,2180.121 ,13757.313 ,246441.64 ,518851.88
QRefNoCubierta ,0.0 ,0.0 ,0.0 ,0.0 ,0.0 ,0.0 ,0.0 ,0.0 ,0.0 ,0.0 ,0.0 ,0.0
QCalNoCubierta ,22410.963 ,9424.297 ,6125.0396 ,0.0 ,0.0 ,0.0 ,0.0 ,0.0 ,0.0 ,0.0 ,0.0 ,19211.598
FinESPACIO
  
ESPACIO   , P01_E04
nhFuncionaRef ,248 ,224 ,248 ,240 ,248 ,240 ,248 ,248 ,240 ,248 ,240 ,248
nhFuncionaCal ,248 ,224 ,248 ,240 ,248 ,240 ,248 ,248 ,240 ,248 ,240 ,248
nhCortaRef ,0 ,0 ,0 ,0 ,0 ,0 ,0 ,0 ,0 ,0 ,0 ,0
nhCortaCal ,6 ,3 ,2 ,0 ,0 ,0 ,0 ,0 ,0 ,0 ,0 ,6
QRefSen ,4929.6367 ,6516.827 ,77181.29 ,149836.08 ,292932.62 ,249979.33 ,411051.12 ,383645.9 ,228614.08 ,200384.72 ,22789.352 ,3856.8008
QCalSen ,483460.03 ,313088.44 ,118545.47 ,15596.663 ,14961.951 ,723.11914 ,246.84375 ,0.0 ,3479.2559 ,8470.934 ,196990.17 ,471992.5
QRefNoCubierta ,0.0 ,0.0 ,0.0 ,0.0 ,0.0 ,0.0 ,0.0 ,0.0 ,0.0 ,0.0 ,0.0 ,0.0
QCalNoCubierta ,16015.619 ,6373.4927 ,3200.9126 ,0.0 ,0.0 ,0.0 ,0.0 ,0.0 ,0.0 ,0.0 ,0.0 ,12758.801
FinESPACIO
  
ESPACIO   , P01_E05
nhFuncionaRef ,248 ,224 ,248 ,240 ,248 ,240 ,248 ,248 ,240 ,248 ,240 ,248
nhFuncionaCal ,248 ,224 ,248 ,240 ,248 ,240 ,248 ,248 ,240 ,248 ,240 ,248
nhCortaRef ,0 ,0 ,0 ,0 ,0 ,0 ,0 ,0 ,0 ,0 ,0 ,0
nhCortaCal ,0 ,0 ,0 ,0 ,0 ,0 ,0 ,0 ,0 ,0 ,0 ,0
QRefSen ,61592.316 ,63617.52 ,293941.2 ,438420.78 ,467926.12 ,517786.0 ,594677.6 ,607492.25 ,504928.94 ,525429.3 ,210705.72 ,56717.258
QCalSen ,118208.516 ,68584.766 ,20425.238 ,1072.9062 ,8123.547 ,2666.496 ,0.0 ,0.0 ,9385.738 ,615.02734 ,26695.629 ,119947.63
QRefNoCubierta ,0.0 ,0.0 ,0.0 ,0.0 ,0.0 ,0.0 ,0.0 ,0.0 ,0.0 ,0.0 ,0.0 ,0.0
QCalNoCubierta ,0.0 ,0.0 ,0.0 ,0.0 ,0.0 ,0.0 ,0.0 ,0.0 ,0.0 ,0.0 ,0.0 ,0.0
FinESPACIO
  
ESPACIO   , P02_E01
nhFuncionaRef ,248 ,224 ,248 ,240 ,248 ,240 ,248 ,248 ,240 ,248 ,240 ,248
nhFuncionaCal ,248 ,224 ,248 ,240 ,248 ,240 ,248 ,248 ,240 ,248 ,240 ,248
nhCortaRef ,0 ,0 ,0 ,0 ,0 ,0 ,0 ,0 ,0 ,0 ,0 ,0
nhCortaCal ,2 ,1 ,0 ,0 ,0 ,0 ,0 ,0 ,0 ,0 ,0 ,1
QRefSen ,171573.94 ,129950.31 ,213488.83 ,188172.72 ,306963.9 ,361623.78 ,602014.9 ,623871.8 ,372548.0 ,296998.0 ,238587.53 ,169457.22
QCalSen ,140141.39 ,95525.95 ,37510.39 ,7367.908 ,8616.219 ,0.0 ,0.0 ,0.0 ,893.31445 ,162.66992 ,25096.174 ,123495.055
QRefNoCubierta ,0.0 ,0.0 ,0.0 ,0.0 ,0.0 ,0.0 ,0.0 ,0.0 ,0.0 ,0.0 ,0.0 ,0.0
QCalNoCubierta ,3871.793 ,1521.3267 ,0.0 ,0.0 ,0.0 ,0.0 ,0.0 ,0.0 ,0.0 ,0.0 ,0.0 ,2008.1621
FinESPACIO
  
ESPACIO   , P02_E02
nhFuncionaRef ,248 ,224 ,248 ,240 ,248 ,240 ,248 ,248 ,240 ,248 ,240 ,248
nhFuncionaCal ,248 ,224 ,248 ,240 ,248 ,240 ,248 ,248 ,240 ,248 ,240 ,248
nhCortaRef ,0 ,0 ,0 ,0 ,0 ,0 ,0 ,0 ,0 ,0 ,0 ,0
nhCortaCal ,7 ,4 ,2 ,0 ,0 ,0 ,0 ,0 ,0 ,0 ,0 ,4
QRefSen ,44277.07 ,50517.01 ,138881.94 ,208412.31 ,326406.62 ,278440.88 ,482915.84 ,511590.28 ,260637.81 ,212976.56 ,68279.79 ,34858.496
QCalSen ,320563.5 ,222290.12 ,89780.08 ,10751.631 ,15820.551 ,0.0 ,0.0 ,0.0 ,1697.1191 ,7773.9814 ,139412.36 ,339472.0
QRefNoCubierta ,0.0 ,0.0 ,0.0 ,0.0 ,0.0 ,0.0 ,0.0 ,0.0 ,0.0 ,0.0 ,0.0 ,0.0
QCalNoCubierta ,13695.865 ,6256.959 ,2770.9702 ,0.0 ,0.0 ,0.0 ,0.0 ,0.0 ,0.0 ,0.0 ,0.0 ,8469.148
FinESPACIO
  
ESPACIO   , P02_E03
nhFuncionaRef ,248 ,224 ,248 ,240 ,248 ,240 ,248 ,248 ,240 ,248 ,240 ,248
nhFuncionaCal ,248 ,224 ,248 ,240 ,248 ,240 ,248 ,248 ,240 ,248 ,240 ,248
nhCortaRef ,0 ,0 ,0 ,0 ,0 ,0 ,0 ,0 ,0 ,0 ,0 ,0
nhCortaCal ,8 ,1 ,3 ,0 ,0 ,0 ,0 ,0 ,0 ,0 ,0 ,4
QRefSen ,10935.972 ,24901.906 ,104574.945 ,173855.95 ,341638.53 ,488666.72 ,736732.6 ,673745.7 ,338449.56 ,203517.88 ,50883.227 ,12013.316
QCalSen ,333062.53 ,205786.81 ,90301.695 ,9823.84 ,4848.6514 ,0.0 ,0.0 ,0.0 ,994.0742 ,5637.4717 ,126006.914 ,327217.38
QRefNoCubierta ,0.0 ,0.0 ,0.0 ,0.0 ,0.0 ,0.0 ,0.0 ,0.0 ,0.0 ,0.0 ,0.0 ,0.0
QCalNoCubierta ,16342.729 ,2733.9263 ,3615.165 ,0.0 ,0.0 ,0.0 ,0.0 ,0.0 ,0.0 ,0.0 ,0.0 ,8463.734
FinESPACIO
  
ESPACIO   , P02_E04
nhFuncionaRef ,248 ,224 ,248 ,240 ,248 ,240 ,248 ,248 ,240 ,248 ,240 ,248
nhFuncionaCal ,248 ,224 ,248 ,240 ,248 ,240 ,248 ,248 ,240 ,248 ,240 ,248
nhCortaRef ,0 ,0 ,0 ,0 ,0 ,0 ,0 ,0 ,0 ,0 ,0 ,0
nhCortaCal ,5 ,1 ,0 ,0 ,0 ,0 ,0 ,0 ,0 ,0 ,0 ,3
QRefSen ,16327.675 ,28150.068 ,139753.0 ,199722.86 ,390743.3 ,310060.28 ,529491.8 ,503828.56 ,272593.66 ,225922.78 ,67556.61 ,15409.468
QCalSen ,297447.88 ,175578.73 ,61250.43 ,5660.329 ,5665.4688 ,0.0 ,0.0 ,0.0 ,2203.963 ,3490.2227 ,92053.75 ,294439.0
QRefNoCubierta ,0.0 ,0.0 ,0.0 ,0.0 ,0.0 ,0.0 ,0.0 ,0.0 ,0.0 ,0.0 ,0.0 ,0.0
QCalNoCubierta ,10565.287 ,2496.9897 ,0.0 ,0.0 ,0.0 ,0.0 ,0.0 ,0.0 ,0.0 ,0.0 ,0.0 ,5701.224
FinESPACIO
  
ESPACIO   , P02_E05
nhFuncionaRef ,248 ,224 ,248 ,240 ,248 ,240 ,248 ,248 ,240 ,248 ,240 ,248
nhFuncionaCal ,248 ,224 ,248 ,240 ,248 ,240 ,248 ,248 ,240 ,248 ,240 ,248
nhCortaRef ,0 ,0 ,0 ,0 ,0 ,0 ,0 ,0 ,0 ,0 ,0 ,0
nhCortaCal ,1 ,0 ,0 ,0 ,0 ,0 ,0 ,0 ,0 ,0 ,0 ,0
QRefSen ,109282.71 ,115965.68 ,288008.97 ,398379.7 ,471407.44 ,490001.97 ,552723.94 ,552117.25 ,486204.28 ,491790.22 ,268778.44 ,159720.17
QCalSen ,95245.99 ,52520.684 ,21492.432 ,654.6797 ,7285.7734 ,2867.8945 ,510.33594 ,9.5859375 ,8809.855 ,823.78516 ,12276.887 ,81384.87
QRefNoCubierta ,0.0 ,0.0 ,0.0 ,0.0 ,0.0 ,0.0 ,0.0 ,0.0 ,0.0 ,0.0 ,0.0 ,0.0
QCalNoCubierta ,2210.4695 ,0.0 ,0.0 ,0.0 ,0.0 ,0.0 ,0.0 ,0.0 ,0.0 ,0.0 ,0.0 ,0.0
FinESPACIO
  
ESPACIO   , P03_E06
nhFuncionaRef ,248 ,224 ,248 ,240 ,248 ,240 ,248 ,248 ,240 ,248 ,240 ,248
nhFuncionaCal ,248 ,224 ,248 ,240 ,248 ,240 ,248 ,248 ,240 ,248 ,240 ,248
nhCortaRef ,0 ,0 ,0 ,0 ,0 ,0 ,0 ,0 ,0 ,0 ,0 ,0
nhCortaCal ,2 ,1 ,0 ,0 ,0 ,0 ,0 ,0 ,0 ,0 ,0 ,1
QRefSen ,166134.97 ,126020.24 ,211470.5 ,187947.9 ,314447.38 ,374478.72 ,623714.2 ,646553.94 ,390572.47 ,303370.47 ,238101.66 ,166525.89
QCalSen ,148453.84 ,102209.055 ,40457.773 ,7988.795 ,8802.972 ,0.0 ,0.0 ,0.0 ,486.01562 ,219.22852 ,26467.318 ,132967.05
QRefNoCubierta ,0.0 ,0.0 ,0.0 ,0.0 ,0.0 ,0.0 ,0.0 ,0.0 ,0.0 ,0.0 ,0.0 ,0.0
QCalNoCubierta ,4530.95 ,1813.0562 ,0.0 ,0.0 ,0.0 ,0.0 ,0.0 ,0.0 ,0.0 ,0.0 ,0.0 ,2272.623
FinESPACIO
  
ESPACIO   , P03_E07
nhFuncionaRef ,248 ,224 ,248 ,240 ,248 ,240 ,248 ,248 ,240 ,248 ,240 ,248
nhFuncionaCal ,248 ,224 ,248 ,240 ,248 ,240 ,248 ,248 ,240 ,248 ,240 ,248
nhCortaRef ,0 ,0 ,0 ,0 ,0 ,0 ,0 ,0 ,0 ,0 ,0 ,0
nhCortaCal ,9 ,5 ,2 ,0 ,0 ,0 ,0 ,0 ,0 ,0 ,0 ,7
QRefSen ,41531.438 ,49807.29 ,139721.27 ,210819.11 ,334248.06 ,289504.6 ,500136.84 ,533701.94 ,266983.28 ,217070.6 ,71033.76 ,34760.06
QCalSen ,336852.1 ,232857.23 ,93782.89 ,11228.983 ,16476.613 ,0.0 ,0.0 ,0.0 ,1704.6875 ,7830.8887 ,143314.72 ,355677.66
QRefNoCubierta ,0.0 ,0.0 ,0.0 ,0.0 ,0.0 ,0.0 ,0.0 ,0.0 ,0.0 ,0.0 ,0.0 ,0.0
QCalNoCubierta ,17568.268 ,8370.902 ,3301.3442 ,0.0 ,0.0 ,0.0 ,0.0 ,0.0 ,0.0 ,0.0 ,0.0 ,12821.647
FinESPACIO
  
ESPACIO   , P03_E08
nhFuncionaRef ,248 ,224 ,248 ,240 ,248 ,240 ,248 ,248 ,240 ,248 ,240 ,248
nhFuncionaCal ,248 ,224 ,248 ,240 ,248 ,240 ,248 ,248 ,240 ,248 ,240 ,248
nhCortaRef ,0 ,0 ,0 ,0 ,0 ,0 ,0 ,0 ,0 ,0 ,0 ,0
nhCortaCal ,8 ,3 ,3 ,0 ,0 ,0 ,0 ,0 ,0 ,0 ,0 ,9
QRefSen ,10298.531 ,23429.71 ,106936.52 ,179105.95 ,353966.22 ,509923.16 ,764625.44 ,696197.25 ,352968.1 ,207732.97 ,49807.785 ,12984.395
QCalSen ,347644.53 ,216609.08 ,92854.59 ,10124.199 ,4947.7344 ,0.0 ,0.0 ,0.0 ,483.31836 ,5765.9053 ,131305.44 ,344013.12
QRefNoCubierta ,0.0 ,0.0 ,0.0 ,0.0 ,0.0 ,0.0 ,0.0 ,0.0 ,0.0 ,0.0 ,0.0 ,0.0
QCalNoCubierta ,18196.2 ,4963.1675 ,4316.0557 ,0.0 ,0.0 ,0.0 ,0.0 ,0.0 ,0.0 ,0.0 ,0.0 ,14881.744
FinESPACIO
  
ESPACIO   , P03_E09
nhFuncionaRef ,248 ,224 ,248 ,240 ,248 ,240 ,248 ,248 ,240 ,248 ,240 ,248
nhFuncionaCal ,248 ,224 ,248 ,240 ,248 ,240 ,248 ,248 ,240 ,248 ,240 ,248
nhCortaRef ,0 ,0 ,0 ,0 ,0 ,0 ,0 ,0 ,0 ,0 ,0 ,0
nhCortaCal ,6 ,1 ,0 ,0 ,0 ,0 ,0 ,0 ,0 ,0 ,0 ,4
QRefSen ,15473.3 ,27071.244 ,139207.17 ,199542.12 ,401799.7 ,327049.66 ,549850.2 ,530864.06 ,283570.75 ,231964.89 ,68381.875 ,16186.301
QCalSen ,311267.5 ,187895.34 ,63874.6 ,5567.7246 ,5833.299 ,0.0 ,0.0 ,0.0 ,1773.0117 ,2754.6074 ,95718.14 ,309106.25
QRefNoCubierta ,0.0 ,0.0 ,0.0 ,0.0 ,0.0 ,0.0 ,0.0 ,0.0 ,0.0 ,0.0 ,0.0 ,0.0
QCalNoCubierta ,12903.76 ,2783.6997 ,0.0 ,0.0 ,0.0 ,0.0 ,0.0 ,0.0 ,0.0 ,0.0 ,0.0 ,7689.6704
FinESPACIO
  
ESPACIO   , P03_E10
nhFuncionaRef ,248 ,224 ,248 ,240 ,248 ,240 ,248 ,248 ,240 ,248 ,240 ,248
nhFuncionaCal ,248 ,224 ,248 ,240 ,248 ,240 ,248 ,248 ,240 ,248 ,240 ,248
nhCortaRef ,0 ,0 ,0 ,0 ,0 ,0 ,0 ,0 ,0 ,0 ,0 ,0
nhCortaCal ,1 ,0 ,0 ,0 ,0 ,0 ,0 ,0 ,0 ,0 ,0 ,0
QRefSen ,87598.53 ,100064.51 ,279625.47 ,406883.28 ,438655.3 ,506845.2 ,579897.7 ,610640.5 ,495002.97 ,491272.94 ,230921.97 ,131168.1
QCalSen ,120511.42 ,70042.914 ,22624.27 ,500.01172 ,8735.895 ,2229.2148 ,1126.7734 ,0.0 ,8568.762 ,807.47266 ,22026.6 ,107949.555
QRefNoCubierta ,0.0 ,0.0 ,0.0 ,0.0 ,0.0 ,0.0 ,0.0 ,0.0 ,0.0 ,0.0 ,0.0 ,0.0
QCalNoCubierta ,2264.2031 ,0.0 ,0.0 ,0.0 ,0.0 ,0.0 ,0.0 ,0.0 ,0.0 ,0.0 ,0.0 ,0.0
FinESPACIO
  
ESPACIO   , P04_E11
nhFuncionaRef ,248 ,224 ,248 ,240 ,248 ,240 ,248 ,248 ,240 ,248 ,240 ,248
nhFuncionaCal ,248 ,224 ,248 ,240 ,248 ,240 ,248 ,248 ,240 ,248 ,240 ,248
nhCortaRef ,0 ,0 ,0 ,0 ,0 ,0 ,0 ,0 ,0 ,0 ,0 ,0
nhCortaCal ,6 ,5 ,2 ,0 ,0 ,0 ,0 ,0 ,0 ,0 ,0 ,4
QRefSen ,99578.0 ,76415.83 ,141116.19 ,125876.82 ,232188.27 ,325335.56 ,554677.2 ,557407.7 ,326750.97 ,255247.72 ,164252.62 ,110857.875
QCalSen ,268517.25 ,195551.23 ,85717.04 ,33943.285 ,30801.613 ,0.0 ,0.0 ,0.0 ,757.97656 ,3668.3213 ,68272.95 ,251402.62
QRefNoCubierta ,0.0 ,0.0 ,0.0 ,0.0 ,0.0 ,0.0 ,0.0 ,0.0 ,0.0 ,0.0 ,0.0 ,0.0
QCalNoCubierta ,15127.039 ,10018.941 ,4033.7803 ,0.0 ,0.0 ,0.0 ,0.0 ,0.0 ,0.0 ,0.0 ,0.0 ,7920.962
FinESPACIO
  
ESPACIO   , P04_E12
nhFuncionaRef ,248 ,224 ,248 ,240 ,248 ,240 ,248 ,248 ,240 ,248 ,240 ,248
nhFuncionaCal ,248 ,224 ,248 ,240 ,248 ,240 ,248 ,248 ,240 ,248 ,240 ,248
nhCortaRef ,0 ,0 ,0 ,0 ,0 ,0 ,0 ,0 ,0 ,0 ,0 ,0
nhCortaCal ,13 ,9 ,6 ,0 ,0 ,0 ,0 ,0 ,0 ,0 ,0 ,12
QRefSen ,29734.55 ,37459.312 ,111690.55 ,185473.62 ,300259.62 ,284495.66 ,508049.66 ,538405.4 ,263052.53 ,200446.52 ,48263.31 ,28669.42
QCalSen ,438205.1 ,313157.06 ,142026.5 ,32801.758 ,34419.848 ,0.0 ,0.0 ,0.0 ,1593.4863 ,14888.836 ,204864.33 ,457891.62
QRefNoCubierta ,0.0 ,0.0 ,0.0 ,0.0 ,0.0 ,0.0 ,0.0 ,0.0 ,0.0 ,0.0 ,0.0 ,0.0
QCalNoCubierta ,33042.684 ,20518.797 ,10871.6 ,0.0 ,0.0 ,0.0 ,0.0 ,0.0 ,0.0 ,0.0 ,0.0 ,27361.008
FinESPACIO
  
ESPACIO   , P04_E13
nhFuncionaRef ,248 ,224 ,248 ,240 ,248 ,240 ,248 ,248 ,240 ,248 ,240 ,248
nhFuncionaCal ,248 ,224 ,248 ,240 ,248 ,240 ,248 ,248 ,240 ,248 ,240 ,248
nhCortaRef ,0 ,0 ,0 ,0 ,0 ,0 ,0 ,0 ,0 ,0 ,0 ,0
nhCortaCal ,13 ,10 ,5 ,0 ,0 ,0 ,0 ,0 ,0 ,0 ,0 ,12
QRefSen ,5428.1133 ,13538.736 ,73477.13 ,143417.33 ,315135.75 ,488664.56 ,745010.44 ,683169.5 ,340604.38 ,192861.64 ,30337.262 ,7902.0693
QCalSen ,458473.03 ,304472.8 ,145891.22 ,29146.512 ,11578.486 ,0.0 ,0.0 ,0.0 ,513.5156 ,12016.611 ,193949.39 ,447950.88
QRefNoCubierta ,0.0 ,0.0 ,0.0 ,0.0 ,0.0 ,0.0 ,0.0 ,0.0 ,0.0 ,0.0 ,0.0 ,0.0
QCalNoCubierta ,33546.566 ,19263.121 ,9918.42 ,0.0 ,0.0 ,0.0 ,0.0 ,0.0 ,0.0 ,0.0 ,0.0 ,27418.025
FinESPACIO
  
ESPACIO   , P04_E14
nhFuncionaRef ,248 ,224 ,248 ,240 ,248 ,240 ,248 ,248 ,240 ,248 ,240 ,248
nhFuncionaCal ,248 ,224 ,248 ,240 ,248 ,240 ,248 ,248 ,240 ,248 ,240 ,248
nhCortaRef ,0 ,0 ,0 ,0 ,0 ,0 ,0 ,0 ,0 ,0 ,0 ,0
nhCortaCal ,10 ,7 ,2 ,0 ,0 ,0 ,0 ,0 ,0 ,0 ,0 ,10
QRefSen ,7532.3145 ,15146.244 ,94712.78 ,164733.1 ,341806.22 ,316800.34 ,545122.9 ,520951.66 ,274082.5 ,209753.53 ,42030.55 ,10108.239
QCalSen ,430941.06 ,279609.6 ,105799.61 ,15204.399 ,11956.776 ,0.0 ,0.0 ,0.0 ,1949.873 ,7553.3457 ,156130.77 ,418647.4
QRefNoCubierta ,0.0 ,0.0 ,0.0 ,0.0 ,0.0 ,0.0 ,0.0 ,0.0 ,0.0 ,0.0 ,0.0 ,0.0
QCalNoCubierta ,25721.277 ,13658.402 ,4389.4893 ,0.0 ,0.0 ,0.0 ,0.0 ,0.0 ,0.0 ,0.0 ,0.0 ,21470.104
FinESPACIO
  
ESPACIO   , P04_E15
nhFuncionaRef ,248 ,224 ,248 ,240 ,248 ,240 ,248 ,248 ,240 ,248 ,240 ,248
nhFuncionaCal ,248 ,224 ,248 ,240 ,248 ,240 ,248 ,248 ,240 ,248 ,240 ,248
nhCortaRef ,0 ,0 ,0 ,0 ,0 ,0 ,0 ,0 ,0 ,0 ,0 ,0
nhCortaCal ,1 ,0 ,2 ,0 ,0 ,0 ,0 ,0 ,0 ,0 ,0 ,2
QRefSen ,11421.574 ,6414.5605 ,108917.555 ,284407.66 ,368653.66 ,519726.12 ,631188.94 ,667110.94 ,485225.34 ,462540.97 ,90204.055 ,20176.812
QCalSen ,383921.88 ,264507.06 ,103602.055 ,7877.2344 ,20467.33 ,2135.496 ,44.6875 ,0.0 ,9557.25 ,1055.5547 ,102074.94 ,371668.4
QRefNoCubierta ,0.0 ,0.0 ,0.0 ,0.0 ,0.0 ,0.0 ,0.0 ,0.0 ,0.0 ,0.0 ,0.0 ,0.0
QCalNoCubierta ,3091.0532 ,0.0 ,3595.5708 ,0.0 ,0.0 ,0.0 ,0.0 ,0.0 ,0.0 ,0.0 ,0.0 ,4510.158
FinESPACIO
  
DEMANDA_ACS   , DemandaACS
nhFunciona ,620 ,560 ,620 ,600 ,620 ,600 ,620 ,620 ,600 ,620 ,600 ,620
nhCorta ,0 ,2 ,0 ,0 ,0 ,0 ,0 ,0 ,0 ,0 ,0 ,0
Q ,1422266.4 ,1261191.6 ,1370437.0 ,1252498.6 ,1242411.6 ,1127096.4 ,1112835.1 ,1112835.1 ,1127096.4 ,1266773.8 ,1301148.9 ,1396350.4
QNoCubierta ,0.0 ,29.731112 ,0.0 ,0.0 ,0.0 ,0.0 ,0.0 ,0.0 ,0.0 ,0.0 ,0.0 ,0.0
FinDEMANDA_ACS
  
