ProyectoEdificio, c:\proyectoscteycee\ctehe2019\proyectos\ejemploviv_plurif_caldgas\newbdl_ds.xml, zonaD3.bin

AUTONOMO, SIS_EQ1_EQ_ED_AireAire_SF-Defecto
demandaSenRef, 0.0 ,0.0 ,0.0 ,0.0 ,0.0 ,24808.895 ,89291.38 ,114811.55 ,59238.258 ,0.0 ,0.0 ,0.0 ,
demandaTotRef, 0.0 ,0.0 ,0.0 ,0.0 ,0.0 ,30351.83 ,101451.71 ,133883.56 ,73414.11 ,0.0 ,0.0 ,0.0 ,
demandaCal, 0.0 ,0.0 ,0.0 ,0.0 ,0.0 ,0.0 ,0.0 ,0.0 ,0.0 ,0.0 ,0.0 ,0.0 ,
consumoRef, 0.0 ,0.0 ,0.0 ,0.0 ,0.0 ,14770.631 ,41177.38 ,51257.355 ,27885.543 ,0.0 ,0.0 ,0.0 ,
consumoCal, 0.0 ,0.0 ,0.0 ,0.0 ,0.0 ,0.0 ,0.0 ,0.0 ,0.0 ,0.0 ,0.0 ,0.0 ,
nhFuncionaRef, 0 ,0 ,0 ,0 ,0 ,61 ,138 ,180 ,101 ,0 ,0 ,0 ,
nhFuncionaCal, 0 ,0 ,0 ,0 ,0 ,0 ,0 ,0 ,0 ,0 ,0 ,0 ,
nhCortaRef, 0 ,0 ,0 ,0 ,0 ,0 ,0 ,0 ,0 ,0 ,0 ,0 ,
nhCortaCal, 0 ,0 ,0 ,0 ,0 ,0 ,0 ,0 ,0 ,0 ,0 ,0 ,
FinAUTONOMO
  
AUTONOMO, SIS_EQ2_EQ_ED_AireAire_SF-Defecto
demandaSenRef, 0.0 ,0.0 ,0.0 ,0.0 ,0.0 ,26712.72 ,92835.66 ,118640.51 ,61072.523 ,0.0 ,0.0 ,0.0 ,
demandaTotRef, 0.0 ,0.0 ,0.0 ,0.0 ,0.0 ,32569.893 ,105283.4 ,137989.4 ,75438.055 ,0.0 ,0.0 ,0.0 ,
demandaCal, 0.0 ,0.0 ,0.0 ,0.0 ,0.0 ,0.0 ,0.0 ,0.0 ,0.0 ,0.0 ,0.0 ,0.0 ,
consumoRef, 0.0 ,0.0 ,0.0 ,0.0 ,0.0 ,15529.756 ,42701.863 ,51953.895 ,28731.193 ,0.0 ,0.0 ,0.0 ,
consumoCal, 0.0 ,0.0 ,0.0 ,0.0 ,0.0 ,0.0 ,0.0 ,0.0 ,0.0 ,0.0 ,0.0 ,0.0 ,
nhFuncionaRef, 0 ,0 ,0 ,0 ,0 ,64 ,143 ,181 ,104 ,0 ,0 ,0 ,
nhFuncionaCal, 0 ,0 ,0 ,0 ,0 ,0 ,0 ,0 ,0 ,0 ,0 ,0 ,
nhCortaRef, 0 ,0 ,0 ,0 ,0 ,0 ,0 ,0 ,0 ,0 ,0 ,0 ,
nhCortaCal, 0 ,0 ,0 ,0 ,0 ,0 ,0 ,0 ,0 ,0 ,0 ,0 ,
FinAUTONOMO
  
AUTONOMO, SIS_EQ3_EQ_ED_AireAire_SF-Defecto
demandaSenRef, 0.0 ,0.0 ,0.0 ,0.0 ,0.0 ,40728.312 ,125037.016 ,132937.25 ,61668.395 ,0.0 ,0.0 ,0.0 ,
demandaTotRef, 0.0 ,0.0 ,0.0 ,0.0 ,0.0 ,49342.805 ,141374.16 ,155313.3 ,77485.19 ,0.0 ,0.0 ,0.0 ,
demandaCal, 0.0 ,0.0 ,0.0 ,0.0 ,0.0 ,0.0 ,0.0 ,0.0 ,0.0 ,0.0 ,0.0 ,0.0 ,
consumoRef, 0.0 ,0.0 ,0.0 ,0.0 ,0.0 ,18742.922 ,49162.516 ,53836.535 ,22881.193 ,0.0 ,0.0 ,0.0 ,
consumoCal, 0.0 ,0.0 ,0.0 ,0.0 ,0.0 ,0.0 ,0.0 ,0.0 ,0.0 ,0.0 ,0.0 ,0.0 ,
nhFuncionaRef, 0 ,0 ,0 ,0 ,0 ,71 ,147 ,177 ,71 ,0 ,0 ,0 ,
nhFuncionaCal, 0 ,0 ,0 ,0 ,0 ,0 ,0 ,0 ,0 ,0 ,0 ,0 ,
nhCortaRef, 0 ,0 ,0 ,0 ,0 ,0 ,0 ,1 ,0 ,0 ,0 ,0 ,
nhCortaCal, 0 ,0 ,0 ,0 ,0 ,0 ,0 ,0 ,0 ,0 ,0 ,0 ,
FinAUTONOMO
  
AUTONOMO, SIS_EQ4_EQ_ED_AireAire_SF-Defecto
demandaSenRef, 0.0 ,0.0 ,0.0 ,0.0 ,0.0 ,43211.723 ,130314.766 ,139589.16 ,64487.633 ,0.0 ,0.0 ,0.0 ,
demandaTotRef, 0.0 ,0.0 ,0.0 ,0.0 ,0.0 ,52239.07 ,147152.47 ,162627.22 ,80807.1 ,0.0 ,0.0 ,0.0 ,
demandaCal, 0.0 ,0.0 ,0.0 ,0.0 ,0.0 ,0.0 ,0.0 ,0.0 ,0.0 ,0.0 ,0.0 ,0.0 ,
consumoRef, 0.0 ,0.0 ,0.0 ,0.0 ,0.0 ,19251.553 ,49996.668 ,55569.7 ,23399.816 ,0.0 ,0.0 ,0.0 ,
consumoCal, 0.0 ,0.0 ,0.0 ,0.0 ,0.0 ,0.0 ,0.0 ,0.0 ,0.0 ,0.0 ,0.0 ,0.0 ,
nhFuncionaRef, 0 ,0 ,0 ,0 ,0 ,72 ,147 ,181 ,71 ,0 ,0 ,0 ,
nhFuncionaCal, 0 ,0 ,0 ,0 ,0 ,0 ,0 ,0 ,0 ,0 ,0 ,0 ,
nhCortaRef, 0 ,0 ,0 ,0 ,0 ,0 ,0 ,1 ,0 ,0 ,0 ,0 ,
nhCortaCal, 0 ,0 ,0 ,0 ,0 ,0 ,0 ,0 ,0 ,0 ,0 ,0 ,
FinAUTONOMO
  
AUTONOMO, SIS2_EQ1_EQ_ED_AireAire_SF-Defecto
demandaSenRef, 0.0 ,0.0 ,0.0 ,0.0 ,0.0 ,83921.52 ,199725.39 ,251762.55 ,151298.05 ,0.0 ,0.0 ,0.0 ,
demandaTotRef, 0.0 ,0.0 ,0.0 ,0.0 ,0.0 ,97806.72 ,222455.11 ,284452.16 ,178315.42 ,0.0 ,0.0 ,0.0 ,
demandaCal, 0.0 ,0.0 ,0.0 ,0.0 ,0.0 ,0.0 ,0.0 ,0.0 ,0.0 ,0.0 ,0.0 ,0.0 ,
consumoRef, 0.0 ,0.0 ,0.0 ,0.0 ,0.0 ,30220.03 ,68526.43 ,82973.51 ,54127.242 ,0.0 ,0.0 ,0.0 ,
consumoCal, 0.0 ,0.0 ,0.0 ,0.0 ,0.0 ,0.0 ,0.0 ,0.0 ,0.0 ,0.0 ,0.0 ,0.0 ,
nhFuncionaRef, 0 ,0 ,0 ,0 ,0 ,102 ,182 ,221 ,164 ,0 ,0 ,0 ,
nhFuncionaCal, 0 ,0 ,0 ,0 ,0 ,0 ,0 ,0 ,0 ,0 ,0 ,0 ,
nhCortaRef, 0 ,0 ,0 ,0 ,0 ,0 ,2 ,3 ,1 ,0 ,0 ,0 ,
nhCortaCal, 0 ,0 ,0 ,0 ,0 ,0 ,0 ,0 ,0 ,0 ,0 ,0 ,
FinAUTONOMO
  
AUTONOMO, SIS2_EQ2_EQ_ED_AireAire_SF-Defecto
demandaSenRef, 0.0 ,0.0 ,0.0 ,0.0 ,0.0 ,91098.22 ,209431.11 ,230997.78 ,107569.2 ,0.0 ,0.0 ,0.0 ,
demandaTotRef, 0.0 ,0.0 ,0.0 ,0.0 ,0.0 ,105892.88 ,232864.81 ,262126.3 ,130152.35 ,0.0 ,0.0 ,0.0 ,
demandaCal, 0.0 ,0.0 ,0.0 ,0.0 ,0.0 ,0.0 ,0.0 ,0.0 ,0.0 ,0.0 ,0.0 ,0.0 ,
consumoRef, 0.0 ,0.0 ,0.0 ,0.0 ,0.0 ,33018.484 ,71782.28 ,78051.1 ,38359.203 ,0.0 ,0.0 ,0.0 ,
consumoCal, 0.0 ,0.0 ,0.0 ,0.0 ,0.0 ,0.0 ,0.0 ,0.0 ,0.0 ,0.0 ,0.0 ,0.0 ,
nhFuncionaRef, 0 ,0 ,0 ,0 ,0 ,110 ,192 ,218 ,110 ,0 ,0 ,0 ,
nhFuncionaCal, 0 ,0 ,0 ,0 ,0 ,0 ,0 ,0 ,0 ,0 ,0 ,0 ,
nhCortaRef, 0 ,0 ,0 ,0 ,0 ,0 ,2 ,3 ,0 ,0 ,0 ,0 ,
nhCortaCal, 0 ,0 ,0 ,0 ,0 ,0 ,0 ,0 ,0 ,0 ,0 ,0 ,
FinAUTONOMO
  
AUTONOMO, SIS2_EQ3_EQ_ED_AireAire_SF-Defecto
demandaSenRef, 0.0 ,0.0 ,0.0 ,0.0 ,0.0 ,81079.53 ,196092.72 ,247497.8 ,148044.9 ,0.0 ,0.0 ,0.0 ,
demandaTotRef, 0.0 ,0.0 ,0.0 ,0.0 ,0.0 ,94681.69 ,218556.88 ,279840.78 ,174704.3 ,0.0 ,0.0 ,0.0 ,
demandaCal, 0.0 ,0.0 ,0.0 ,0.0 ,0.0 ,0.0 ,0.0 ,0.0 ,0.0 ,0.0 ,0.0 ,0.0 ,
consumoRef, 0.0 ,0.0 ,0.0 ,0.0 ,0.0 ,29836.836 ,67912.38 ,82188.266 ,52921.086 ,0.0 ,0.0 ,0.0 ,
consumoCal, 0.0 ,0.0 ,0.0 ,0.0 ,0.0 ,0.0 ,0.0 ,0.0 ,0.0 ,0.0 ,0.0 ,0.0 ,
nhFuncionaRef, 0 ,0 ,0 ,0 ,0 ,102 ,182 ,221 ,160 ,0 ,0 ,0 ,
nhFuncionaCal, 0 ,0 ,0 ,0 ,0 ,0 ,0 ,0 ,0 ,0 ,0 ,0 ,
nhCortaRef, 0 ,0 ,0 ,0 ,0 ,0 ,1 ,3 ,1 ,0 ,0 ,0 ,
nhCortaCal, 0 ,0 ,0 ,0 ,0 ,0 ,0 ,0 ,0 ,0 ,0 ,0 ,
FinAUTONOMO
  
AUTONOMO, SIS2_EQ4_EQ_ED_AireAire_SF-Defecto
demandaSenRef, 0.0 ,0.0 ,0.0 ,0.0 ,0.0 ,92528.97 ,211483.6 ,232979.94 ,108112.27 ,0.0 ,0.0 ,0.0 ,
demandaTotRef, 0.0 ,0.0 ,0.0 ,0.0 ,0.0 ,107489.625 ,235089.28 ,264309.62 ,130790.49 ,0.0 ,0.0 ,0.0 ,
demandaCal, 0.0 ,0.0 ,0.0 ,0.0 ,0.0 ,0.0 ,0.0 ,0.0 ,0.0 ,0.0 ,0.0 ,0.0 ,
consumoRef, 0.0 ,0.0 ,0.0 ,0.0 ,0.0 ,33249.004 ,71960.25 ,78229.49 ,38501.293 ,0.0 ,0.0 ,0.0 ,
consumoCal, 0.0 ,0.0 ,0.0 ,0.0 ,0.0 ,0.0 ,0.0 ,0.0 ,0.0 ,0.0 ,0.0 ,0.0 ,
nhFuncionaRef, 0 ,0 ,0 ,0 ,0 ,110 ,191 ,217 ,110 ,0 ,0 ,0 ,
nhFuncionaCal, 0 ,0 ,0 ,0 ,0 ,0 ,0 ,0 ,0 ,0 ,0 ,0 ,
nhCortaRef, 0 ,0 ,0 ,0 ,0 ,0 ,2 ,3 ,0 ,0 ,0 ,0 ,
nhCortaCal, 0 ,0 ,0 ,0 ,0 ,0 ,0 ,0 ,0 ,0 ,0 ,0 ,
FinAUTONOMO
  
AUTONOMO, SIS3_EQ5_EQ_ED_AireAire_SF-Defecto
demandaSenRef, 0.0 ,0.0 ,0.0 ,0.0 ,0.0 ,99706.3 ,217647.05 ,268286.9 ,166164.67 ,0.0 ,0.0 ,0.0 ,
demandaTotRef, 0.0 ,0.0 ,0.0 ,0.0 ,0.0 ,114989.64 ,241501.17 ,301884.97 ,194479.23 ,0.0 ,0.0 ,0.0 ,
demandaCal, 0.0 ,0.0 ,0.0 ,0.0 ,0.0 ,0.0 ,0.0 ,0.0 ,0.0 ,0.0 ,0.0 ,0.0 ,
consumoRef, 0.0 ,0.0 ,0.0 ,0.0 ,0.0 ,34963.203 ,74263.2 ,88285.984 ,59311.55 ,0.0 ,0.0 ,0.0 ,
consumoCal, 0.0 ,0.0 ,0.0 ,0.0 ,0.0 ,0.0 ,0.0 ,0.0 ,0.0 ,0.0 ,0.0 ,0.0 ,
nhFuncionaRef, 0 ,0 ,0 ,0 ,0 ,116 ,198 ,234 ,183 ,0 ,0 ,0 ,
nhFuncionaCal, 0 ,0 ,0 ,0 ,0 ,0 ,0 ,0 ,0 ,0 ,0 ,0 ,
nhCortaRef, 0 ,0 ,0 ,0 ,0 ,0 ,3 ,3 ,1 ,0 ,0 ,0 ,
nhCortaCal, 0 ,0 ,0 ,0 ,0 ,0 ,0 ,0 ,0 ,0 ,0 ,0 ,
FinAUTONOMO
  
AUTONOMO, SIS3_EQ6_EQ_ED_AireAire_SF-Defecto
demandaSenRef, 0.0 ,0.0 ,0.0 ,0.0 ,0.0 ,106130.86 ,229710.5 ,251910.3 ,118944.82 ,0.0 ,0.0 ,0.0 ,
demandaTotRef, 0.0 ,0.0 ,0.0 ,0.0 ,0.0 ,122286.66 ,254170.27 ,284325.97 ,142803.11 ,0.0 ,0.0 ,0.0 ,
demandaCal, 0.0 ,0.0 ,0.0 ,0.0 ,0.0 ,0.0 ,0.0 ,0.0 ,0.0 ,0.0 ,0.0 ,0.0 ,
consumoRef, 0.0 ,0.0 ,0.0 ,0.0 ,0.0 ,36486.09 ,78152.56 ,84496.055 ,43454.004 ,0.0 ,0.0 ,0.0 ,
consumoCal, 0.0 ,0.0 ,0.0 ,0.0 ,0.0 ,0.0 ,0.0 ,0.0 ,0.0 ,0.0 ,0.0 ,0.0 ,
nhFuncionaRef, 0 ,0 ,0 ,0 ,0 ,118 ,209 ,233 ,129 ,0 ,0 ,0 ,
nhFuncionaCal, 0 ,0 ,0 ,0 ,0 ,0 ,0 ,0 ,0 ,0 ,0 ,0 ,
nhCortaRef, 0 ,0 ,0 ,0 ,0 ,0 ,3 ,3 ,1 ,0 ,0 ,0 ,
nhCortaCal, 0 ,0 ,0 ,0 ,0 ,0 ,0 ,0 ,0 ,0 ,0 ,0 ,
FinAUTONOMO
  
AUTONOMO, SIS3_EQ7_EQ_ED_AireAire_SF-Defecto
demandaSenRef, 0.0 ,0.0 ,0.0 ,0.0 ,0.0 ,95791.16 ,213130.97 ,263347.66 ,162729.61 ,0.0 ,0.0 ,0.0 ,
demandaTotRef, 0.0 ,0.0 ,0.0 ,0.0 ,0.0 ,110720.766 ,236665.98 ,296553.5 ,190678.36 ,0.0 ,0.0 ,0.0 ,
demandaCal, 0.0 ,0.0 ,0.0 ,0.0 ,0.0 ,0.0 ,0.0 ,0.0 ,0.0 ,0.0 ,0.0 ,0.0 ,
consumoRef, 0.0 ,0.0 ,0.0 ,0.0 ,0.0 ,33994.715 ,73487.73 ,86972.03 ,58518.258 ,0.0 ,0.0 ,0.0 ,
consumoCal, 0.0 ,0.0 ,0.0 ,0.0 ,0.0 ,0.0 ,0.0 ,0.0 ,0.0 ,0.0 ,0.0 ,0.0 ,
nhFuncionaRef, 0 ,0 ,0 ,0 ,0 ,114 ,198 ,232 ,181 ,0 ,0 ,0 ,
nhFuncionaCal, 0 ,0 ,0 ,0 ,0 ,0 ,0 ,0 ,0 ,0 ,0 ,0 ,
nhCortaRef, 0 ,0 ,0 ,0 ,0 ,0 ,3 ,3 ,1 ,0 ,0 ,0 ,
nhCortaCal, 0 ,0 ,0 ,0 ,0 ,0 ,0 ,0 ,0 ,0 ,0 ,0 ,
FinAUTONOMO
  
AUTONOMO, SIS3_EQ8_EQ_ED_AireAire_SF-Defecto
demandaSenRef, 0.0 ,0.0 ,0.0 ,0.0 ,0.0 ,108846.62 ,233341.23 ,255258.28 ,120394.03 ,0.0 ,0.0 ,0.0 ,
demandaTotRef, 0.0 ,0.0 ,0.0 ,0.0 ,0.0 ,125252.414 ,258041.61 ,287961.0 ,144453.34 ,0.0 ,0.0 ,0.0 ,
demandaCal, 0.0 ,0.0 ,0.0 ,0.0 ,0.0 ,0.0 ,0.0 ,0.0 ,0.0 ,0.0 ,0.0 ,0.0 ,
consumoRef, 0.0 ,0.0 ,0.0 ,0.0 ,0.0 ,37293.38 ,79000.75 ,85099.87 ,43680.543 ,0.0 ,0.0 ,0.0 ,
consumoCal, 0.0 ,0.0 ,0.0 ,0.0 ,0.0 ,0.0 ,0.0 ,0.0 ,0.0 ,0.0 ,0.0 ,0.0 ,
nhFuncionaRef, 0 ,0 ,0 ,0 ,0 ,120 ,210 ,233 ,129 ,0 ,0 ,0 ,
nhFuncionaCal, 0 ,0 ,0 ,0 ,0 ,0 ,0 ,0 ,0 ,0 ,0 ,0 ,
nhCortaRef, 0 ,0 ,0 ,0 ,0 ,0 ,3 ,3 ,1 ,0 ,0 ,0 ,
nhCortaCal, 0 ,0 ,0 ,0 ,0 ,0 ,0 ,0 ,0 ,0 ,0 ,0 ,
FinAUTONOMO
  
AUTONOMO, SIS4_EQ1_EQ_ED_AireAire_SF-Defecto
demandaSenRef, 0.0 ,0.0 ,0.0 ,0.0 ,0.0 ,116778.55 ,260295.75 ,314063.56 ,188246.14 ,0.0 ,0.0 ,0.0 ,
demandaTotRef, 0.0 ,0.0 ,0.0 ,0.0 ,0.0 ,133716.98 ,286416.16 ,350466.3 ,218700.67 ,0.0 ,0.0 ,0.0 ,
demandaCal, 0.0 ,0.0 ,0.0 ,0.0 ,0.0 ,0.0 ,0.0 ,0.0 ,0.0 ,0.0 ,0.0 ,0.0 ,
consumoRef, 0.0 ,0.0 ,0.0 ,0.0 ,0.0 ,38798.16 ,85197.09 ,98709.05 ,65424.34 ,0.0 ,0.0 ,0.0 ,
consumoCal, 0.0 ,0.0 ,0.0 ,0.0 ,0.0 ,0.0 ,0.0 ,0.0 ,0.0 ,0.0 ,0.0 ,0.0 ,
nhFuncionaRef, 0 ,0 ,0 ,0 ,0 ,124 ,219 ,247 ,199 ,0 ,0 ,0 ,
nhFuncionaCal, 0 ,0 ,0 ,0 ,0 ,0 ,0 ,0 ,0 ,0 ,0 ,0 ,
nhCortaRef, 0 ,0 ,0 ,0 ,0 ,0 ,5 ,3 ,2 ,0 ,0 ,0 ,
nhCortaCal, 0 ,0 ,0 ,0 ,0 ,0 ,0 ,0 ,0 ,0 ,0 ,0 ,
FinAUTONOMO
  
AUTONOMO, SIS4_EQ2_EQ_ED_AireAire_SF-Defecto
demandaSenRef, 0.0 ,0.0 ,0.0 ,0.0 ,0.0 ,119705.25 ,265097.0 ,293763.16 ,140262.8 ,0.0 ,0.0 ,0.0 ,
demandaTotRef, 0.0 ,0.0 ,0.0 ,0.0 ,0.0 ,137121.44 ,291435.5 ,328832.8 ,166404.77 ,0.0 ,0.0 ,0.0 ,
demandaCal, 0.0 ,0.0 ,0.0 ,0.0 ,0.0 ,0.0 ,0.0 ,0.0 ,0.0 ,0.0 ,0.0 ,0.0 ,
consumoRef, 0.0 ,0.0 ,0.0 ,0.0 ,0.0 ,40261.176 ,86836.266 ,94378.49 ,49638.18 ,0.0 ,0.0 ,0.0 ,
consumoCal, 0.0 ,0.0 ,0.0 ,0.0 ,0.0 ,0.0 ,0.0 ,0.0 ,0.0 ,0.0 ,0.0 ,0.0 ,
nhFuncionaRef, 0 ,0 ,0 ,0 ,0 ,128 ,225 ,247 ,145 ,0 ,0 ,0 ,
nhFuncionaCal, 0 ,0 ,0 ,0 ,0 ,0 ,0 ,0 ,0 ,0 ,0 ,0 ,
nhCortaRef, 0 ,0 ,0 ,0 ,0 ,0 ,5 ,3 ,2 ,0 ,0 ,0 ,
nhCortaCal, 0 ,0 ,0 ,0 ,0 ,0 ,0 ,0 ,0 ,0 ,0 ,0 ,
FinAUTONOMO
  
AUTONOMO, SIS4_EQ3_EQ_ED_AireAire_SF-Defecto
demandaSenRef, 0.0 ,0.0 ,0.0 ,0.0 ,0.0 ,111961.6 ,253437.2 ,307225.28 ,183662.9 ,0.0 ,0.0 ,0.0 ,
demandaTotRef, 0.0 ,0.0 ,0.0 ,0.0 ,0.0 ,128468.01 ,279138.12 ,343075.22 ,213652.8 ,0.0 ,0.0 ,0.0 ,
demandaCal, 0.0 ,0.0 ,0.0 ,0.0 ,0.0 ,0.0 ,0.0 ,0.0 ,0.0 ,0.0 ,0.0 ,0.0 ,
consumoRef, 0.0 ,0.0 ,0.0 ,0.0 ,0.0 ,37892.195 ,83958.88 ,97419.77 ,64239.74 ,0.0 ,0.0 ,0.0 ,
consumoCal, 0.0 ,0.0 ,0.0 ,0.0 ,0.0 ,0.0 ,0.0 ,0.0 ,0.0 ,0.0 ,0.0 ,0.0 ,
nhFuncionaRef, 0 ,0 ,0 ,0 ,0 ,123 ,219 ,247 ,196 ,0 ,0 ,0 ,
nhFuncionaCal, 0 ,0 ,0 ,0 ,0 ,0 ,0 ,0 ,0 ,0 ,0 ,0 ,
nhCortaRef, 0 ,0 ,0 ,0 ,0 ,0 ,5 ,3 ,2 ,0 ,0 ,0 ,
nhCortaCal, 0 ,0 ,0 ,0 ,0 ,0 ,0 ,0 ,0 ,0 ,0 ,0 ,
FinAUTONOMO
  
AUTONOMO, SIS4_EQ4_EQ_ED_AireAire_SF-Defecto
demandaSenRef, 0.0 ,0.0 ,0.0 ,0.0 ,0.0 ,124165.305 ,271014.56 ,299067.1 ,142867.05 ,0.0 ,0.0 ,0.0 ,
demandaTotRef, 0.0 ,0.0 ,0.0 ,0.0 ,0.0 ,141993.94 ,297710.06 ,334569.3 ,169319.69 ,0.0 ,0.0 ,0.0 ,
demandaCal, 0.0 ,0.0 ,0.0 ,0.0 ,0.0 ,0.0 ,0.0 ,0.0 ,0.0 ,0.0 ,0.0 ,0.0 ,
consumoRef, 0.0 ,0.0 ,0.0 ,0.0 ,0.0 ,41325.926 ,87913.45 ,95361.914 ,50210.79 ,0.0 ,0.0 ,0.0 ,
consumoCal, 0.0 ,0.0 ,0.0 ,0.0 ,0.0 ,0.0 ,0.0 ,0.0 ,0.0 ,0.0 ,0.0 ,0.0 ,
nhFuncionaRef, 0 ,0 ,0 ,0 ,0 ,130 ,225 ,247 ,146 ,0 ,0 ,0 ,
nhFuncionaCal, 0 ,0 ,0 ,0 ,0 ,0 ,0 ,0 ,0 ,0 ,0 ,0 ,
nhCortaRef, 0 ,0 ,0 ,0 ,0 ,0 ,5 ,3 ,2 ,0 ,0 ,0 ,
nhCortaCal, 0 ,0 ,0 ,0 ,0 ,0 ,0 ,0 ,0 ,0 ,0 ,0 ,
FinAUTONOMO
  
CALDERA, SIS16_EQ1_EQ_Caldera-ACS-Convencional-Defecto
tipoCombustible, Gas Natural
demandaACS, 2519997.0 ,1894169.6 ,1353205.5 ,786562.3 ,260972.64 ,0.0 ,0.0 ,0.0 ,697911.3 ,1620911.2 ,2202199.0 ,2635122.8 ,
demandaCAL, 0.0 ,0.0 ,0.0 ,0.0 ,0.0 ,0.0 ,0.0 ,0.0 ,0.0 ,0.0 ,0.0 ,0.0 ,
consumoElectricidad, 0.0 ,0.0 ,0.0 ,0.0 ,0.0 ,0.0 ,0.0 ,0.0 ,0.0 ,0.0 ,0.0 ,0.0 ,
consumoCombustible, 2799382.0 ,2110245.2 ,1515271.2 ,884045.7 ,294439.88 ,0.0 ,0.0 ,0.0 ,784906.0 ,1811699.8 ,2450412.2 ,2924961.5 ,
nhFunciona, 620 ,560 ,620 ,600 ,620 ,0 ,0 ,0 ,600 ,620 ,600 ,620 ,
nhCortaACS, 0 ,0 ,0 ,0 ,0 ,0 ,0 ,0 ,0 ,0 ,0 ,0 ,
nhCortaCAL, 0 ,0 ,0 ,0 ,0 ,0 ,0 ,0 ,0 ,0 ,0 ,0 ,
FinCALDERA
  
CALDERA, SIS17_EQ2_EQ_Caldera-Condensacion-Defecto
tipoCombustible, Gas Natural
demandaACS, 0.0 ,0.0 ,0.0 ,0.0 ,0.0 ,0.0 ,0.0 ,0.0 ,0.0 ,0.0 ,0.0 ,0.0 ,
demandaCAL, 5210357.5 ,2764402.2 ,1767415.5 ,354980.56 ,134019.58 ,0.0 ,0.0 ,0.0 ,0.0 ,58854.85 ,1873636.4 ,5050759.5 ,
consumoElectricidad, 0.0 ,0.0 ,0.0 ,0.0 ,0.0 ,0.0 ,0.0 ,0.0 ,0.0 ,0.0 ,0.0 ,0.0 ,
consumoCombustible, 5187205.0 ,2739382.5 ,1752548.2 ,347304.72 ,131096.67 ,0.0 ,0.0 ,0.0 ,0.0 ,56935.76 ,1842537.6 ,5024647.0 ,
nhFunciona, 496 ,438 ,351 ,145 ,66 ,0 ,0 ,0 ,0 ,54 ,435 ,496 ,
nhCortaACS, 0 ,0 ,0 ,0 ,0 ,0 ,0 ,0 ,0 ,0 ,0 ,0 ,
nhCortaCAL, 0 ,0 ,0 ,0 ,0 ,0 ,0 ,0 ,0 ,0 ,0 ,0 ,
FinCALDERA
  
ESPACIO   , P01_E01
nhFuncionaRef ,0 ,0 ,0 ,0 ,0 ,480 ,496 ,496 ,480 ,0 ,0 ,0
nhFuncionaCal ,744 ,672 ,744 ,720 ,744 ,0 ,0 ,0 ,0 ,744 ,720 ,744
nhCortaRef ,0 ,0 ,0 ,0 ,0 ,0 ,0 ,0 ,0 ,0 ,0 ,0
nhCortaCal ,5 ,2 ,0 ,0 ,0 ,0 ,0 ,0 ,0 ,0 ,0 ,1
QRefSen ,0.0 ,0.0 ,0.0 ,0.0 ,0.0 ,24808.895 ,89291.41 ,114811.516 ,59238.26 ,0.0 ,0.0 ,0.0
QCalSen ,299029.6 ,138827.12 ,99063.95 ,36583.797 ,21761.281 ,0.0 ,0.0 ,0.0 ,0.0 ,1199.9395 ,68671.47 ,288332.97
QRefNoCubierta ,0.0 ,0.0 ,0.0 ,0.0 ,0.0 ,0.0 ,0.0 ,0.0 ,0.0 ,0.0 ,0.0 ,0.0
QCalNoCubierta ,3394.1284 ,1268.7817 ,0.0 ,0.0 ,0.0 ,0.0 ,0.0 ,0.0 ,0.0 ,0.0 ,0.0 ,821.9536
FinESPACIO
  
ESPACIO   , P01_E02
nhFuncionaRef ,0 ,0 ,0 ,0 ,0 ,480 ,496 ,496 ,480 ,0 ,0 ,0
nhFuncionaCal ,744 ,672 ,744 ,720 ,744 ,0 ,0 ,0 ,0 ,744 ,720 ,744
nhCortaRef ,0 ,0 ,0 ,0 ,0 ,0 ,62 ,37 ,32 ,0 ,0 ,0
nhCortaCal ,680 ,671 ,633 ,261 ,137 ,0 ,0 ,0 ,0 ,12 ,505 ,744
QRefSen ,0.0 ,0.0 ,0.0 ,0.0 ,0.0 ,0.0 ,0.0 ,0.0 ,0.0 ,0.0 ,0.0 ,0.0
QCalSen ,0.0 ,0.0 ,0.0 ,0.0 ,0.0 ,0.0 ,0.0 ,0.0 ,0.0 ,0.0 ,0.0 ,0.0
QRefNoCubierta ,0.0 ,0.0 ,0.0 ,0.0 ,0.0 ,0.0 ,15681.105 ,11294.1 ,6785.186 ,0.0 ,0.0 ,0.0
QCalNoCubierta ,188738.88 ,135708.98 ,99153.38 ,35485.1 ,14600.946 ,0.0 ,0.0 ,0.0 ,0.0 ,4266.046 ,105865.84 ,185889.66
FinESPACIO
  
ESPACIO   , P01_E03
nhFuncionaRef ,0 ,0 ,0 ,0 ,0 ,480 ,496 ,496 ,480 ,0 ,0 ,0
nhFuncionaCal ,744 ,672 ,744 ,720 ,744 ,0 ,0 ,0 ,0 ,744 ,720 ,744
nhCortaRef ,0 ,0 ,0 ,0 ,0 ,0 ,0 ,0 ,0 ,0 ,0 ,0
nhCortaCal ,4 ,2 ,0 ,0 ,0 ,0 ,0 ,0 ,0 ,0 ,0 ,1
QRefSen ,0.0 ,0.0 ,0.0 ,0.0 ,0.0 ,26712.723 ,92835.63 ,118640.49 ,61072.562 ,0.0 ,0.0 ,0.0
QCalSen ,295546.2 ,135869.55 ,95353.086 ,33455.137 ,19309.137 ,0.0 ,0.0 ,0.0 ,0.0 ,1115.2549 ,67880.16 ,285062.7
QRefNoCubierta ,0.0 ,0.0 ,0.0 ,0.0 ,0.0 ,0.0 ,0.0 ,0.0 ,0.0 ,0.0 ,0.0 ,0.0
QCalNoCubierta ,2705.6025 ,1182.6155 ,0.0 ,0.0 ,0.0 ,0.0 ,0.0 ,0.0 ,0.0 ,0.0 ,0.0 ,780.7573
FinESPACIO
  
ESPACIO   , P01_E04
nhFuncionaRef ,0 ,0 ,0 ,0 ,0 ,480 ,496 ,496 ,480 ,0 ,0 ,0
nhFuncionaCal ,744 ,672 ,744 ,720 ,744 ,0 ,0 ,0 ,0 ,744 ,720 ,744
nhCortaRef ,0 ,0 ,0 ,0 ,0 ,33 ,89 ,174 ,84 ,0 ,0 ,0
nhCortaCal ,480 ,144 ,81 ,6 ,6 ,0 ,0 ,0 ,0 ,0 ,14 ,506
QRefSen ,0.0 ,0.0 ,0.0 ,0.0 ,0.0 ,0.0 ,0.0 ,0.0 ,0.0 ,0.0 ,0.0 ,0.0
QCalSen ,0.0 ,0.0 ,0.0 ,0.0 ,0.0 ,0.0 ,0.0 ,0.0 ,0.0 ,0.0 ,0.0 ,0.0
QRefNoCubierta ,0.0 ,0.0 ,0.0 ,0.0 ,0.0 ,9057.785 ,43286.676 ,63637.445 ,34429.61 ,0.0 ,0.0 ,0.0
QCalNoCubierta ,90589.15 ,24798.955 ,17425.719 ,2620.718 ,1928.7878 ,0.0 ,0.0 ,0.0 ,0.0 ,0.0 ,5457.943 ,86616.87
FinESPACIO
  
ESPACIO   , P01_E05
nhFuncionaRef ,0 ,0 ,0 ,0 ,0 ,480 ,496 ,496 ,480 ,0 ,0 ,0
nhFuncionaCal ,744 ,672 ,744 ,720 ,744 ,0 ,0 ,0 ,0 ,744 ,720 ,744
nhCortaRef ,0 ,0 ,0 ,0 ,0 ,0 ,0 ,0 ,0 ,0 ,0 ,0
nhCortaCal ,20 ,13 ,8 ,0 ,0 ,0 ,0 ,0 ,0 ,0 ,4 ,15
QRefSen ,0.0 ,0.0 ,0.0 ,0.0 ,0.0 ,40728.316 ,125037.04 ,132937.19 ,61668.395 ,0.0 ,0.0 ,0.0
QCalSen ,508476.78 ,360535.78 ,255237.33 ,88917.5 ,32503.715 ,0.0 ,0.0 ,0.0 ,0.0 ,29686.943 ,306628.47 ,499741.22
QRefNoCubierta ,0.0 ,0.0 ,0.0 ,0.0 ,0.0 ,0.0 ,0.0 ,0.0 ,0.0 ,0.0 ,0.0 ,0.0
QCalNoCubierta ,25805.35 ,16951.707 ,10302.719 ,0.0 ,0.0 ,0.0 ,0.0 ,0.0 ,0.0 ,0.0 ,4541.466 ,20838.678
FinESPACIO
  
ESPACIO   , P01_E06
nhFuncionaRef ,0 ,0 ,0 ,0 ,0 ,480 ,496 ,496 ,480 ,0 ,0 ,0
nhFuncionaCal ,744 ,672 ,744 ,720 ,744 ,0 ,0 ,0 ,0 ,744 ,720 ,744
nhCortaRef ,0 ,0 ,0 ,0 ,0 ,0 ,0 ,0 ,0 ,0 ,0 ,0
nhCortaCal ,19 ,13 ,8 ,0 ,0 ,0 ,0 ,0 ,0 ,0 ,4 ,12
QRefSen ,0.0 ,0.0 ,0.0 ,0.0 ,0.0 ,43211.72 ,130314.74 ,139589.16 ,64487.633 ,0.0 ,0.0 ,0.0
QCalSen ,498222.56 ,352787.06 ,248885.98 ,85773.65 ,31492.05 ,0.0 ,0.0 ,0.0 ,0.0 ,26852.7 ,297575.25 ,489314.1
QRefNoCubierta ,0.0 ,0.0 ,0.0 ,0.0 ,0.0 ,0.0 ,0.0 ,0.0 ,0.0 ,0.0 ,0.0 ,0.0
QCalNoCubierta ,23698.355 ,15968.576 ,9729.545 ,0.0 ,0.0 ,0.0 ,0.0 ,0.0 ,0.0 ,0.0 ,4214.2515 ,17980.125
FinESPACIO
  
ESPACIO   , P02_E01
nhFuncionaRef ,0 ,0 ,0 ,0 ,0 ,480 ,496 ,496 ,480 ,0 ,0 ,0
nhFuncionaCal ,744 ,672 ,744 ,720 ,744 ,0 ,0 ,0 ,0 ,744 ,720 ,744
nhCortaRef ,0 ,0 ,0 ,0 ,0 ,0 ,1 ,3 ,0 ,0 ,0 ,0
nhCortaCal ,1 ,0 ,0 ,0 ,0 ,0 ,0 ,0 ,0 ,0 ,0 ,0
QRefSen ,0.0 ,0.0 ,0.0 ,0.0 ,0.0 ,83921.53 ,199725.38 ,251762.56 ,151298.02 ,0.0 ,0.0 ,0.0
QCalSen ,175898.88 ,35400.67 ,25742.225 ,1972.7471 ,1223.5332 ,0.0 ,0.0 ,0.0 ,0.0 ,0.0 ,8770.735 ,160481.75
QRefNoCubierta ,0.0 ,0.0 ,0.0 ,0.0 ,0.0 ,0.0 ,761.64844 ,3313.1094 ,0.0 ,0.0 ,0.0 ,0.0
QCalNoCubierta ,607.66113 ,0.0 ,0.0 ,0.0 ,0.0 ,0.0 ,0.0 ,0.0 ,0.0 ,0.0 ,0.0 ,0.0
FinESPACIO
  
ESPACIO   , P02_E02
nhFuncionaRef ,0 ,0 ,0 ,0 ,0 ,480 ,496 ,496 ,480 ,0 ,0 ,0
nhFuncionaCal ,744 ,672 ,744 ,720 ,744 ,0 ,0 ,0 ,0 ,744 ,720 ,744
nhCortaRef ,0 ,0 ,0 ,0 ,0 ,0 ,1 ,2 ,0 ,0 ,0 ,0
nhCortaCal ,5 ,2 ,1 ,0 ,0 ,0 ,0 ,0 ,0 ,0 ,0 ,6
QRefSen ,0.0 ,0.0 ,0.0 ,0.0 ,0.0 ,91098.22 ,209431.12 ,230997.78 ,107569.234 ,0.0 ,0.0 ,0.0
QCalSen ,331496.5 ,208566.8 ,116850.73 ,14473.001 ,2854.586 ,0.0 ,0.0 ,0.0 ,0.0 ,0.0 ,149137.48 ,325881.88
QRefNoCubierta ,0.0 ,0.0 ,0.0 ,0.0 ,0.0 ,0.0 ,817.4619 ,2562.0693 ,0.0 ,0.0 ,0.0 ,0.0
QCalNoCubierta ,3939.1924 ,1958.7466 ,701.6714 ,0.0 ,0.0 ,0.0 ,0.0 ,0.0 ,0.0 ,0.0 ,0.0 ,5144.8374
FinESPACIO
  
ESPACIO   , P02_E03
nhFuncionaRef ,0 ,0 ,0 ,0 ,0 ,480 ,496 ,496 ,480 ,0 ,0 ,0
nhFuncionaCal ,744 ,672 ,744 ,720 ,744 ,0 ,0 ,0 ,0 ,744 ,720 ,744
nhCortaRef ,0 ,0 ,0 ,0 ,0 ,0 ,1 ,2 ,0 ,0 ,0 ,0
nhCortaCal ,0 ,0 ,0 ,0 ,0 ,0 ,0 ,0 ,0 ,0 ,0 ,0
QRefSen ,0.0 ,0.0 ,0.0 ,0.0 ,0.0 ,81079.52 ,196092.69 ,247497.89 ,148044.86 ,0.0 ,0.0 ,0.0
QCalSen ,171155.44 ,33648.492 ,25214.49 ,2050.583 ,1303.2422 ,0.0 ,0.0 ,0.0 ,0.0 ,0.0 ,8167.752 ,155783.75
QRefNoCubierta ,0.0 ,0.0 ,0.0 ,0.0 ,0.0 ,0.0 ,719.7324 ,2552.2612 ,0.0 ,0.0 ,0.0 ,0.0
QCalNoCubierta ,0.0 ,0.0 ,0.0 ,0.0 ,0.0 ,0.0 ,0.0 ,0.0 ,0.0 ,0.0 ,0.0 ,0.0
FinESPACIO
  
ESPACIO   , P02_E04
nhFuncionaRef ,0 ,0 ,0 ,0 ,0 ,480 ,496 ,496 ,480 ,0 ,0 ,0
nhFuncionaCal ,744 ,672 ,744 ,720 ,744 ,0 ,0 ,0 ,0 ,744 ,720 ,744
nhCortaRef ,0 ,0 ,0 ,0 ,0 ,0 ,1 ,2 ,0 ,0 ,0 ,0
nhCortaCal ,6 ,2 ,1 ,0 ,0 ,0 ,0 ,0 ,0 ,0 ,0 ,6
QRefSen ,0.0 ,0.0 ,0.0 ,0.0 ,0.0 ,92528.96 ,211483.56 ,232979.94 ,108112.22 ,0.0 ,0.0 ,0.0
QCalSen ,336759.16 ,210538.98 ,117837.086 ,14422.102 ,2783.2598 ,0.0 ,0.0 ,0.0 ,0.0 ,0.0 ,151709.08 ,330824.75
QRefNoCubierta ,0.0 ,0.0 ,0.0 ,0.0 ,0.0 ,0.0 ,832.49316 ,2599.044 ,0.0 ,0.0 ,0.0 ,0.0
QCalNoCubierta ,4808.412 ,2073.6475 ,749.1538 ,0.0 ,0.0 ,0.0 ,0.0 ,0.0 ,0.0 ,0.0 ,0.0 ,5500.2437
FinESPACIO
  
ESPACIO   , P02_E05
nhFuncionaRef ,0 ,0 ,0 ,0 ,0 ,480 ,496 ,496 ,480 ,0 ,0 ,0
nhFuncionaCal ,744 ,672 ,744 ,720 ,744 ,0 ,0 ,0 ,0 ,744 ,720 ,744
nhCortaRef ,0 ,0 ,0 ,0 ,0 ,54 ,106 ,186 ,85 ,0 ,0 ,0
nhCortaCal ,628 ,630 ,410 ,3 ,1 ,0 ,0 ,0 ,0 ,0 ,207 ,734
QRefSen ,0.0 ,0.0 ,0.0 ,0.0 ,0.0 ,0.0 ,0.0 ,0.0 ,0.0 ,0.0 ,0.0 ,0.0
QCalSen ,0.0 ,0.0 ,0.0 ,0.0 ,0.0 ,0.0 ,0.0 ,0.0 ,0.0 ,0.0 ,0.0 ,0.0
QRefNoCubierta ,0.0 ,0.0 ,0.0 ,0.0 ,0.0 ,14664.83 ,43689.89 ,54115.85 ,27510.049 ,0.0 ,0.0 ,0.0
QCalNoCubierta ,119102.18 ,71702.9 ,40102.793 ,1080.538 ,499.7043 ,0.0 ,0.0 ,0.0 ,0.0 ,0.0 ,35812.88 ,119573.67
FinESPACIO
  
ESPACIO   , P03_E01
nhFuncionaRef ,0 ,0 ,0 ,0 ,0 ,480 ,496 ,496 ,480 ,0 ,0 ,0
nhFuncionaCal ,744 ,672 ,744 ,720 ,744 ,0 ,0 ,0 ,0 ,744 ,720 ,744
nhCortaRef ,0 ,0 ,0 ,0 ,0 ,0 ,1 ,3 ,1 ,0 ,0 ,0
nhCortaCal ,1 ,0 ,0 ,0 ,0 ,0 ,0 ,0 ,0 ,0 ,0 ,0
QRefSen ,0.0 ,0.0 ,0.0 ,0.0 ,0.0 ,99706.31 ,217647.03 ,268286.88 ,166164.64 ,0.0 ,0.0 ,0.0
QCalSen ,174872.83 ,34056.56 ,24420.09 ,1146.7109 ,709.9072 ,0.0 ,0.0 ,0.0 ,0.0 ,0.0 ,8246.027 ,159350.86
QRefNoCubierta ,0.0 ,0.0 ,0.0 ,0.0 ,0.0 ,0.0 ,977.5288 ,3925.1323 ,796.0112 ,0.0 ,0.0 ,0.0
QCalNoCubierta ,632.0596 ,0.0 ,0.0 ,0.0 ,0.0 ,0.0 ,0.0 ,0.0 ,0.0 ,0.0 ,0.0 ,0.0
FinESPACIO
  
ESPACIO   , P03_E02
nhFuncionaRef ,0 ,0 ,0 ,0 ,0 ,480 ,496 ,496 ,480 ,0 ,0 ,0
nhFuncionaCal ,744 ,672 ,744 ,720 ,744 ,0 ,0 ,0 ,0 ,744 ,720 ,744
nhCortaRef ,0 ,0 ,0 ,0 ,0 ,0 ,1 ,3 ,0 ,0 ,0 ,0
nhCortaCal ,5 ,2 ,1 ,0 ,0 ,0 ,0 ,0 ,0 ,0 ,0 ,6
QRefSen ,0.0 ,0.0 ,0.0 ,0.0 ,0.0 ,106130.875 ,229710.52 ,251910.28 ,118944.81 ,0.0 ,0.0 ,0.0
QCalSen ,322218.9 ,194298.12 ,108604.66 ,8697.381 ,2163.5732 ,0.0 ,0.0 ,0.0 ,0.0 ,0.0 ,134834.03 ,318642.8
QRefNoCubierta ,0.0 ,0.0 ,0.0 ,0.0 ,0.0 ,0.0 ,1075.8193 ,3759.2188 ,0.0 ,0.0 ,0.0 ,0.0
QCalNoCubierta ,3920.6406 ,1886.8018 ,651.583 ,0.0 ,0.0 ,0.0 ,0.0 ,0.0 ,0.0 ,0.0 ,0.0 ,5051.789
FinESPACIO
  
ESPACIO   , P03_E03
nhFuncionaRef ,0 ,0 ,0 ,0 ,0 ,480 ,496 ,496 ,480 ,0 ,0 ,0
nhFuncionaCal ,744 ,672 ,744 ,720 ,744 ,0 ,0 ,0 ,0 ,744 ,720 ,744
nhCortaRef ,0 ,0 ,0 ,0 ,0 ,0 ,1 ,3 ,1 ,0 ,0 ,0
nhCortaCal ,0 ,0 ,0 ,0 ,0 ,0 ,0 ,0 ,0 ,0 ,0 ,0
QRefSen ,0.0 ,0.0 ,0.0 ,0.0 ,0.0 ,95791.18 ,213130.98 ,263347.7 ,162729.58 ,0.0 ,0.0 ,0.0
QCalSen ,170583.8 ,32482.496 ,24283.01 ,1309.7881 ,845.12695 ,0.0 ,0.0 ,0.0 ,0.0 ,0.0 ,7644.6807 ,155156.67
QRefNoCubierta ,0.0 ,0.0 ,0.0 ,0.0 ,0.0 ,0.0 ,949.75635 ,3794.1514 ,766.4907 ,0.0 ,0.0 ,0.0
QCalNoCubierta ,0.0 ,0.0 ,0.0 ,0.0 ,0.0 ,0.0 ,0.0 ,0.0 ,0.0 ,0.0 ,0.0 ,0.0
FinESPACIO
  
ESPACIO   , P03_E04
nhFuncionaRef ,0 ,0 ,0 ,0 ,0 ,480 ,496 ,496 ,480 ,0 ,0 ,0
nhFuncionaCal ,744 ,672 ,744 ,720 ,744 ,0 ,0 ,0 ,0 ,744 ,720 ,744
nhCortaRef ,0 ,0 ,0 ,0 ,0 ,0 ,1 ,3 ,0 ,0 ,0 ,0
nhCortaCal ,6 ,2 ,1 ,0 ,0 ,0 ,0 ,0 ,0 ,0 ,0 ,6
QRefSen ,0.0 ,0.0 ,0.0 ,0.0 ,0.0 ,108846.58 ,233341.2 ,255258.31 ,120394.05 ,0.0 ,0.0 ,0.0
QCalSen ,327133.34 ,193525.67 ,107817.31 ,8310.674 ,2064.2402 ,0.0 ,0.0 ,0.0 ,0.0 ,0.0 ,136105.11 ,322051.72
QRefNoCubierta ,0.0 ,0.0 ,0.0 ,0.0 ,0.0 ,0.0 ,1083.083 ,3839.3057 ,0.0 ,0.0 ,0.0 ,0.0
QCalNoCubierta ,4773.3154 ,1983.0586 ,675.1743 ,0.0 ,0.0 ,0.0 ,0.0 ,0.0 ,0.0 ,0.0 ,0.0 ,5367.6846
FinESPACIO
  
ESPACIO   , P03_E05
nhFuncionaRef ,0 ,0 ,0 ,0 ,0 ,480 ,496 ,496 ,480 ,0 ,0 ,0
nhFuncionaCal ,744 ,672 ,744 ,720 ,744 ,0 ,0 ,0 ,0 ,744 ,720 ,744
nhCortaRef ,0 ,0 ,0 ,0 ,0 ,73 ,144 ,221 ,92 ,0 ,0 ,0
nhCortaCal ,627 ,629 ,373 ,1 ,1 ,0 ,0 ,0 ,0 ,0 ,171 ,733
QRefSen ,0.0 ,0.0 ,0.0 ,0.0 ,0.0 ,0.0 ,0.0 ,0.0 ,0.0 ,0.0 ,0.0 ,0.0
QCalSen ,0.0 ,0.0 ,0.0 ,0.0 ,0.0 ,0.0 ,0.0 ,0.0 ,0.0 ,0.0 ,0.0 ,0.0
QRefNoCubierta ,0.0 ,0.0 ,0.0 ,0.0 ,0.0 ,23234.848 ,56635.918 ,66226.11 ,30273.115 ,0.0 ,0.0 ,0.0
QCalNoCubierta ,118810.7 ,70623.016 ,37824.54 ,285.188 ,279.36014 ,0.0 ,0.0 ,0.0 ,0.0 ,0.0 ,32643.63 ,119509.734
FinESPACIO
  
ESPACIO   , P04_E01
nhFuncionaRef ,0 ,0 ,0 ,0 ,0 ,480 ,496 ,496 ,480 ,0 ,0 ,0
nhFuncionaCal ,744 ,672 ,744 ,720 ,744 ,0 ,0 ,0 ,0 ,744 ,720 ,744
nhCortaRef ,0 ,0 ,0 ,0 ,0 ,0 ,3 ,3 ,1 ,0 ,0 ,0
nhCortaCal ,12 ,2 ,0 ,0 ,0 ,0 ,0 ,0 ,0 ,0 ,0 ,10
QRefSen ,0.0 ,0.0 ,0.0 ,0.0 ,0.0 ,116778.555 ,260295.72 ,314063.56 ,188246.16 ,0.0 ,0.0 ,0.0
QCalSen ,322571.84 ,115568.805 ,73239.914 ,3473.8867 ,2340.1855 ,0.0 ,0.0 ,0.0 ,0.0 ,0.0 ,35386.96 ,308406.38
QRefNoCubierta ,0.0 ,0.0 ,0.0 ,0.0 ,0.0 ,0.0 ,3149.5557 ,4845.0767 ,1091.9248 ,0.0 ,0.0 ,0.0
QCalNoCubierta ,14819.878 ,2122.3682 ,0.0 ,0.0 ,0.0 ,0.0 ,0.0 ,0.0 ,0.0 ,0.0 ,0.0 ,10099.524
FinESPACIO
  
ESPACIO   , P04_E02
nhFuncionaRef ,0 ,0 ,0 ,0 ,0 ,480 ,496 ,496 ,480 ,0 ,0 ,0
nhFuncionaCal ,744 ,672 ,744 ,720 ,744 ,0 ,0 ,0 ,0 ,744 ,720 ,744
nhCortaRef ,0 ,0 ,0 ,0 ,0 ,0 ,3 ,3 ,1 ,0 ,0 ,0
nhCortaCal ,17 ,9 ,6 ,0 ,0 ,0 ,0 ,0 ,0 ,0 ,2 ,13
QRefSen ,0.0 ,0.0 ,0.0 ,0.0 ,0.0 ,119705.22 ,265097.0 ,293763.06 ,140262.75 ,0.0 ,0.0 ,0.0
QCalSen ,477020.0 ,303855.03 ,187495.62 ,26125.066 ,5231.7305 ,0.0 ,0.0 ,0.0 ,0.0 ,0.0 ,229808.2 ,472717.72
QRefNoCubierta ,0.0 ,0.0 ,0.0 ,0.0 ,0.0 ,0.0 ,3240.0283 ,4671.7715 ,702.37744 ,0.0 ,0.0 ,0.0
QCalNoCubierta ,21969.842 ,10319.305 ,5347.937 ,0.0 ,0.0 ,0.0 ,0.0 ,0.0 ,0.0 ,0.0 ,2049.309 ,17735.71
FinESPACIO
  
ESPACIO   , P04_E03
nhFuncionaRef ,0 ,0 ,0 ,0 ,0 ,480 ,496 ,496 ,480 ,0 ,0 ,0
nhFuncionaCal ,744 ,672 ,744 ,720 ,744 ,0 ,0 ,0 ,0 ,744 ,720 ,744
nhCortaRef ,0 ,0 ,0 ,0 ,0 ,0 ,3 ,3 ,1 ,0 ,0 ,0
nhCortaCal ,11 ,2 ,0 ,0 ,0 ,0 ,0 ,0 ,0 ,0 ,0 ,10
QRefSen ,0.0 ,0.0 ,0.0 ,0.0 ,0.0 ,111961.625 ,253437.23 ,307225.3 ,183662.86 ,0.0 ,0.0 ,0.0
QCalSen ,318048.28 ,113708.64 ,73562.266 ,3572.1963 ,2448.0889 ,0.0 ,0.0 ,0.0 ,0.0 ,0.0 ,33820.637 ,304516.22
QRefNoCubierta ,0.0 ,0.0 ,0.0 ,0.0 ,0.0 ,0.0 ,3196.1401 ,4773.5303 ,1085.6719 ,0.0 ,0.0 ,0.0
QCalNoCubierta ,13626.621 ,2026.7129 ,0.0 ,0.0 ,0.0 ,0.0 ,0.0 ,0.0 ,0.0 ,0.0 ,0.0 ,9582.525
FinESPACIO
  
ESPACIO   , P04_E04
nhFuncionaRef ,0 ,0 ,0 ,0 ,0 ,480 ,496 ,496 ,480 ,0 ,0 ,0
nhFuncionaCal ,744 ,672 ,744 ,720 ,744 ,0 ,0 ,0 ,0 ,744 ,720 ,744
nhCortaRef ,0 ,0 ,0 ,0 ,0 ,0 ,3 ,3 ,1 ,0 ,0 ,0
nhCortaCal ,18 ,10 ,5 ,0 ,0 ,0 ,0 ,0 ,0 ,0 ,2 ,13
QRefSen ,0.0 ,0.0 ,0.0 ,0.0 ,0.0 ,124165.305 ,271014.62 ,299067.1 ,142867.02 ,0.0 ,0.0 ,0.0
QCalSen ,481321.53 ,300731.72 ,183808.1 ,24696.334 ,4985.9297 ,0.0 ,0.0 ,0.0 ,0.0 ,0.0 ,229249.67 ,474492.38
QRefNoCubierta ,0.0 ,0.0 ,0.0 ,0.0 ,0.0 ,0.0 ,3219.7861 ,4769.604 ,718.3496 ,0.0 ,0.0 ,0.0
QCalNoCubierta ,23434.918 ,11146.048 ,4776.891 ,0.0 ,0.0 ,0.0 ,0.0 ,0.0 ,0.0 ,0.0 ,2148.6592 ,18317.207
FinESPACIO
  
ESPACIO   , P04_E05
nhFuncionaRef ,0 ,0 ,0 ,0 ,0 ,480 ,496 ,496 ,480 ,0 ,0 ,0
nhFuncionaCal ,744 ,672 ,744 ,720 ,744 ,0 ,0 ,0 ,0 ,744 ,720 ,744
nhCortaRef ,0 ,0 ,0 ,0 ,0 ,95 ,197 ,262 ,132 ,0 ,0 ,0
nhCortaCal ,671 ,667 ,472 ,6 ,1 ,0 ,0 ,0 ,0 ,0 ,390 ,744
QRefSen ,0.0 ,0.0 ,0.0 ,0.0 ,0.0 ,0.0 ,0.0 ,0.0 ,0.0 ,0.0 ,0.0 ,0.0
QCalSen ,0.0 ,0.0 ,0.0 ,0.0 ,0.0 ,0.0 ,0.0 ,0.0 ,0.0 ,0.0 ,0.0 ,0.0
QRefNoCubierta ,0.0 ,0.0 ,0.0 ,0.0 ,0.0 ,31726.572 ,80832.46 ,92369.76 ,40679.16 ,0.0 ,0.0 ,0.0
QCalNoCubierta ,187594.42 ,112030.33 ,55763.004 ,1633.6656 ,589.86426 ,0.0 ,0.0 ,0.0 ,0.0 ,0.0 ,73132.695 ,189426.61
FinESPACIO
  
DEMANDA_ACS   , SIS16_ACS1_Demanda_de_ACS
nhFunciona ,620 ,560 ,620 ,600 ,620 ,600 ,620 ,620 ,600 ,620 ,600 ,620
nhCorta ,0 ,0 ,0 ,0 ,0 ,0 ,0 ,0 ,0 ,0 ,0 ,0
Q ,3327167.2 ,3005182.5 ,3198300.2 ,2981660.2 ,2952185.8 ,2669893.5 ,2565602.2 ,2630037.5 ,2669893.5 ,3005013.5 ,3095129.5 ,3327167.2
QNoCubierta ,0.0 ,0.0 ,0.0 ,0.0 ,0.0 ,0.0 ,0.0 ,0.0 ,0.0 ,0.0 ,0.0 ,0.0
FinDEMANDA_ACS
  
