ProyectoEdificio, c:\proyectoscteycee\ctehe2019\proyectos\ejemploviv_unif\newbdl_ds.xml, zonaA4.bin

CALDERA, SIS_EQ2_EQ_Caldera-ACS-Electrica-Defecto
tipoCombustible, Ninguno
demandaACS, 258997.02 ,233932.9 ,253599.4 ,240297.42 ,237509.56 ,219397.17 ,221311.16 ,215913.16 ,214172.1 ,232002.22 ,240193.19 ,258997.02 ,
demandaCAL, 0.0 ,0.0 ,0.0 ,0.0 ,0.0 ,0.0 ,0.0 ,0.0 ,0.0 ,0.0 ,0.0 ,0.0 ,
consumoElectricidad, 258997.02 ,233932.9 ,253599.4 ,240297.42 ,237509.56 ,219397.17 ,221311.16 ,215913.16 ,214172.1 ,232002.22 ,240193.19 ,258997.02 ,
consumoCombustible, 0.0 ,0.0 ,0.0 ,0.0 ,0.0 ,0.0 ,0.0 ,0.0 ,0.0 ,0.0 ,0.0 ,0.0 ,
nhFunciona, 620 ,560 ,620 ,600 ,620 ,600 ,620 ,620 ,600 ,620 ,600 ,620 ,
nhCortaACS, 0 ,0 ,0 ,0 ,0 ,0 ,0 ,0 ,0 ,0 ,0 ,0 ,
nhCortaCAL, 0 ,0 ,0 ,0 ,0 ,0 ,0 ,0 ,0 ,0 ,0 ,0 ,
FinCALDERA
  
AUTONOMO_UE, SIS1_EQ1_EQ_ED_UnidadExterior-Defecto
demandaSenRef, 0.0 ,0.0 ,0.0 ,0.0 ,0.0 ,159686.28 ,373354.84 ,400066.66 ,183937.48 ,0.0 ,0.0 ,0.0 ,
demandaTotRef, 0.0 ,0.0 ,0.0 ,0.0 ,0.0 ,204920.73 ,459245.47 ,493176.38 ,241134.92 ,0.0 ,0.0 ,0.0 ,
demandaCal, 40438.27 ,37787.58 ,34439.703 ,0.0 ,803.36334 ,0.0 ,0.0 ,0.0 ,0.0 ,0.0 ,0.0 ,28179.059 ,
consumoRef, 0.0 ,0.0 ,0.0 ,0.0 ,0.0 ,72254.71 ,158647.55 ,162185.4 ,83494.76 ,0.0 ,0.0 ,0.0 ,
consumoCal, 31266.875 ,29524.178 ,23315.795 ,0.0 ,684.6859 ,0.0 ,0.0 ,0.0 ,0.0 ,0.0 ,0.0 ,21309.46 ,
nhFuncionaRef, 0 ,0 ,0 ,0 ,0 ,131 ,240 ,249 ,140 ,0 ,0 ,0 ,
nhFuncionaCal, 196 ,178 ,133 ,0 ,5 ,0 ,0 ,0 ,0 ,0 ,0 ,134 ,
nhCortaRef, 0 ,0 ,0 ,0 ,0 ,0 ,0 ,0 ,0 ,0 ,0 ,0 ,
nhCortaCal, 0 ,0 ,0 ,0 ,0 ,0 ,0 ,0 ,0 ,0 ,0 ,0 ,
FinAUTONOMO_UE
  
ESPACIO   , P01_E01
nhFuncionaRef ,0 ,0 ,0 ,0 ,0 ,480 ,496 ,496 ,480 ,0 ,0 ,0
nhFuncionaCal ,744 ,672 ,744 ,720 ,744 ,0 ,0 ,0 ,0 ,744 ,720 ,744
nhCortaRef ,0 ,0 ,0 ,0 ,0 ,0 ,0 ,0 ,0 ,0 ,0 ,0
nhCortaCal ,0 ,0 ,0 ,0 ,0 ,0 ,0 ,0 ,0 ,0 ,0 ,0
QRefSen ,0.0 ,0.0 ,0.0 ,0.0 ,0.0 ,33102.016 ,80820.03 ,87364.32 ,40274.703 ,0.0 ,0.0 ,0.0
QCalSen ,4167.963 ,3913.7646 ,4231.831 ,0.0 ,110.22363 ,0.0 ,0.0 ,0.0 ,0.0 ,0.0 ,0.0 ,2194.2021
QRefNoCubierta ,0.0 ,0.0 ,0.0 ,0.0 ,0.0 ,0.0 ,0.0 ,0.0 ,0.0 ,0.0 ,0.0 ,0.0
QCalNoCubierta ,0.0 ,0.0 ,0.0 ,0.0 ,0.0 ,0.0 ,0.0 ,0.0 ,0.0 ,0.0 ,0.0 ,0.0
FinESPACIO
  
ESPACIO   , P01_E02
nhFuncionaRef ,0 ,0 ,0 ,0 ,0 ,480 ,496 ,496 ,480 ,0 ,0 ,0
nhFuncionaCal ,744 ,672 ,744 ,720 ,744 ,0 ,0 ,0 ,0 ,744 ,720 ,744
nhCortaRef ,0 ,0 ,0 ,0 ,0 ,0 ,0 ,0 ,0 ,0 ,0 ,0
nhCortaCal ,0 ,0 ,0 ,0 ,0 ,0 ,0 ,0 ,0 ,0 ,0 ,0
QRefSen ,0.0 ,0.0 ,0.0 ,0.0 ,0.0 ,11590.39 ,30050.037 ,35116.953 ,19837.375 ,0.0 ,0.0 ,0.0
QCalSen ,432.042 ,629.6504 ,660.9199 ,0.0 ,108.4209 ,0.0 ,0.0 ,0.0 ,0.0 ,0.0 ,0.0 ,224.33789
QRefNoCubierta ,0.0 ,0.0 ,0.0 ,0.0 ,0.0 ,0.0 ,0.0 ,0.0 ,0.0 ,0.0 ,0.0 ,0.0
QCalNoCubierta ,0.0 ,0.0 ,0.0 ,0.0 ,0.0 ,0.0 ,0.0 ,0.0 ,0.0 ,0.0 ,0.0 ,0.0
FinESPACIO
  
ESPACIO   , P01_E03
nhFuncionaRef ,0 ,0 ,0 ,0 ,0 ,480 ,496 ,496 ,480 ,0 ,0 ,0
nhFuncionaCal ,744 ,672 ,744 ,720 ,744 ,0 ,0 ,0 ,0 ,744 ,720 ,744
nhCortaRef ,0 ,0 ,0 ,0 ,0 ,0 ,0 ,0 ,0 ,0 ,0 ,0
nhCortaCal ,0 ,0 ,0 ,0 ,0 ,0 ,0 ,0 ,0 ,0 ,0 ,0
QRefSen ,0.0 ,0.0 ,0.0 ,0.0 ,0.0 ,17488.145 ,42419.54 ,44267.383 ,18584.469 ,0.0 ,0.0 ,0.0
QCalSen ,3908.7432 ,4190.2207 ,5697.9707 ,0.0 ,116.17871 ,0.0 ,0.0 ,0.0 ,0.0 ,0.0 ,0.0 ,2097.4492
QRefNoCubierta ,0.0 ,0.0 ,0.0 ,0.0 ,0.0 ,0.0 ,0.0 ,0.0 ,0.0 ,0.0 ,0.0 ,0.0
QCalNoCubierta ,0.0 ,0.0 ,0.0 ,0.0 ,0.0 ,0.0 ,0.0 ,0.0 ,0.0 ,0.0 ,0.0 ,0.0
FinESPACIO
  
ESPACIO   , P01_E04
nhFuncionaRef ,0 ,0 ,0 ,0 ,0 ,480 ,496 ,496 ,480 ,0 ,0 ,0
nhFuncionaCal ,744 ,672 ,744 ,720 ,744 ,0 ,0 ,0 ,0 ,744 ,720 ,744
nhCortaRef ,0 ,0 ,0 ,0 ,0 ,0 ,0 ,0 ,0 ,0 ,0 ,0
nhCortaCal ,0 ,0 ,0 ,0 ,0 ,0 ,0 ,0 ,0 ,0 ,0 ,0
QRefSen ,0.0 ,0.0 ,0.0 ,0.0 ,0.0 ,17807.486 ,40576.016 ,39625.89 ,16521.195 ,0.0 ,0.0 ,0.0
QCalSen ,6550.258 ,4979.118 ,4485.8135 ,0.0 ,136.15527 ,0.0 ,0.0 ,0.0 ,0.0 ,0.0 ,0.0 ,4739.91
QRefNoCubierta ,0.0 ,0.0 ,0.0 ,0.0 ,0.0 ,0.0 ,0.0 ,0.0 ,0.0 ,0.0 ,0.0 ,0.0
QCalNoCubierta ,0.0 ,0.0 ,0.0 ,0.0 ,0.0 ,0.0 ,0.0 ,0.0 ,0.0 ,0.0 ,0.0 ,0.0
FinESPACIO
  
ESPACIO   , P02_E01
nhFuncionaRef ,0 ,0 ,0 ,0 ,0 ,480 ,496 ,496 ,480 ,0 ,0 ,0
nhFuncionaCal ,744 ,672 ,744 ,720 ,744 ,0 ,0 ,0 ,0 ,744 ,720 ,744
nhCortaRef ,0 ,0 ,0 ,0 ,0 ,0 ,0 ,0 ,0 ,0 ,0 ,0
nhCortaCal ,0 ,0 ,0 ,0 ,0 ,0 ,0 ,0 ,0 ,0 ,0 ,0
QRefSen ,0.0 ,0.0 ,0.0 ,0.0 ,0.0 ,29263.875 ,63924.316 ,65238.688 ,27515.883 ,0.0 ,0.0 ,0.0
QCalSen ,16492.031 ,14935.234 ,9136.578 ,0.0 ,78.95508 ,0.0 ,0.0 ,0.0 ,0.0 ,0.0 ,0.0 ,12356.446
QRefNoCubierta ,0.0 ,0.0 ,0.0 ,0.0 ,0.0 ,0.0 ,0.0 ,0.0 ,0.0 ,0.0 ,0.0 ,0.0
QCalNoCubierta ,0.0 ,0.0 ,0.0 ,0.0 ,0.0 ,0.0 ,0.0 ,0.0 ,0.0 ,0.0 ,0.0 ,0.0
FinESPACIO
  
ESPACIO   , P02_E02
nhFuncionaRef ,0 ,0 ,0 ,0 ,0 ,480 ,496 ,496 ,480 ,0 ,0 ,0
nhFuncionaCal ,744 ,672 ,744 ,720 ,744 ,0 ,0 ,0 ,0 ,744 ,720 ,744
nhCortaRef ,0 ,0 ,0 ,0 ,0 ,0 ,0 ,0 ,0 ,0 ,0 ,0
nhCortaCal ,0 ,0 ,0 ,0 ,0 ,0 ,0 ,0 ,0 ,0 ,0 ,0
QRefSen ,0.0 ,0.0 ,0.0 ,0.0 ,0.0 ,22347.984 ,52358.906 ,57686.06 ,26791.473 ,0.0 ,0.0 ,0.0
QCalSen ,6096.501 ,5864.161 ,7006.368 ,0.0 ,220.07227 ,0.0 ,0.0 ,0.0 ,0.0 ,0.0 ,0.0 ,4843.5166
QRefNoCubierta ,0.0 ,0.0 ,0.0 ,0.0 ,0.0 ,0.0 ,0.0 ,0.0 ,0.0 ,0.0 ,0.0 ,0.0
QCalNoCubierta ,0.0 ,0.0 ,0.0 ,0.0 ,0.0 ,0.0 ,0.0 ,0.0 ,0.0 ,0.0 ,0.0 ,0.0
FinESPACIO
  
ESPACIO   , P02_E03
nhFuncionaRef ,0 ,0 ,0 ,0 ,0 ,480 ,496 ,496 ,480 ,0 ,0 ,0
nhFuncionaCal ,744 ,672 ,744 ,720 ,744 ,0 ,0 ,0 ,0 ,744 ,720 ,744
nhCortaRef ,0 ,0 ,0 ,0 ,0 ,0 ,0 ,0 ,0 ,0 ,0 ,0
nhCortaCal ,0 ,0 ,0 ,0 ,0 ,0 ,0 ,0 ,0 ,0 ,0 ,0
QRefSen ,0.0 ,0.0 ,0.0 ,0.0 ,0.0 ,28086.463 ,63205.875 ,70767.445 ,34412.402 ,0.0 ,0.0 ,0.0
QCalSen ,2790.7295 ,3275.4385 ,3220.1875 ,0.0 ,33.35254 ,0.0 ,0.0 ,0.0 ,0.0 ,0.0 ,0.0 ,1723.2217
QRefNoCubierta ,0.0 ,0.0 ,0.0 ,0.0 ,0.0 ,0.0 ,0.0 ,0.0 ,0.0 ,0.0 ,0.0 ,0.0
QCalNoCubierta ,0.0 ,0.0 ,0.0 ,0.0 ,0.0 ,0.0 ,0.0 ,0.0 ,0.0 ,0.0 ,0.0 ,0.0
FinESPACIO
  
ESPACIO   , P02_E04
nhFuncionaRef ,0 ,0 ,0 ,0 ,0 ,480 ,496 ,496 ,480 ,0 ,0 ,0
nhFuncionaCal ,744 ,672 ,744 ,720 ,744 ,0 ,0 ,0 ,0 ,744 ,720 ,744
nhCortaRef ,0 ,0 ,0 ,0 ,0 ,130 ,339 ,410 ,197 ,0 ,0 ,0
nhCortaCal ,267 ,186 ,132 ,0 ,0 ,0 ,0 ,0 ,0 ,0 ,0 ,94
QRefSen ,0.0 ,0.0 ,0.0 ,0.0 ,0.0 ,0.0 ,0.0 ,0.0 ,0.0 ,0.0 ,0.0 ,0.0
QCalSen ,0.0 ,0.0 ,0.0 ,0.0 ,0.0 ,0.0 ,0.0 ,0.0 ,0.0 ,0.0 ,0.0 ,0.0
QRefNoCubierta ,0.0 ,0.0 ,0.0 ,0.0 ,0.0 ,14866.199 ,34402.402 ,35447.63 ,13457.263 ,0.0 ,0.0 ,0.0
QCalNoCubierta ,9659.657 ,6595.884 ,4704.221 ,0.0 ,0.0 ,0.0 ,0.0 ,0.0 ,0.0 ,0.0 ,0.0 ,4976.303
FinESPACIO
  
ESPACIO   , P02_E05
nhFuncionaRef ,0 ,0 ,0 ,0 ,0 ,480 ,496 ,496 ,480 ,0 ,0 ,0
nhFuncionaCal ,744 ,672 ,744 ,720 ,744 ,0 ,0 ,0 ,0 ,744 ,720 ,744
nhCortaRef ,0 ,0 ,0 ,0 ,0 ,123 ,315 ,391 ,177 ,0 ,0 ,0
nhCortaCal ,182 ,157 ,138 ,0 ,1 ,0 ,0 ,0 ,0 ,0 ,0 ,99
QRefSen ,0.0 ,0.0 ,0.0 ,0.0 ,0.0 ,0.0 ,0.0 ,0.0 ,0.0 ,0.0 ,0.0 ,0.0
QCalSen ,0.0 ,0.0 ,0.0 ,0.0 ,0.0 ,0.0 ,0.0 ,0.0 ,0.0 ,0.0 ,0.0 ,0.0
QRefNoCubierta ,0.0 ,0.0 ,0.0 ,0.0 ,0.0 ,12813.318 ,34728.38 ,36922.984 ,14853.528 ,0.0 ,0.0 ,0.0
QCalNoCubierta ,9900.524 ,7034.7266 ,6349.53 ,0.0 ,79.04123 ,0.0 ,0.0 ,0.0 ,0.0 ,0.0 ,0.0 ,6005.9565
FinESPACIO
  
ESPACIO   , P02_E06
nhFuncionaRef ,0 ,0 ,0 ,0 ,0 ,480 ,496 ,496 ,480 ,0 ,0 ,0
nhFuncionaCal ,744 ,672 ,744 ,720 ,744 ,0 ,0 ,0 ,0 ,744 ,720 ,744
nhCortaRef ,0 ,0 ,0 ,0 ,0 ,136 ,326 ,394 ,180 ,0 ,0 ,0
nhCortaCal ,259 ,187 ,140 ,0 ,0 ,0 ,0 ,0 ,0 ,0 ,0 ,99
QRefSen ,0.0 ,0.0 ,0.0 ,0.0 ,0.0 ,0.0 ,0.0 ,0.0 ,0.0 ,0.0 ,0.0 ,0.0
QCalSen ,0.0 ,0.0 ,0.0 ,0.0 ,0.0 ,0.0 ,0.0 ,0.0 ,0.0 ,0.0 ,0.0 ,0.0
QRefNoCubierta ,0.0 ,0.0 ,0.0 ,0.0 ,0.0 ,21318.936 ,52278.273 ,53179.38 ,20274.584 ,0.0 ,0.0 ,0.0
QCalNoCubierta ,15605.028 ,11065.669 ,8638.086 ,0.0 ,0.0 ,0.0 ,0.0 ,0.0 ,0.0 ,0.0 ,0.0 ,8700.266
FinESPACIO
  
DEMANDA_ACS   , Demanda_de_ACS
nhFunciona ,620 ,560 ,620 ,600 ,620 ,600 ,620 ,620 ,600 ,620 ,600 ,620
nhCorta ,0 ,0 ,0 ,0 ,0 ,0 ,0 ,0 ,0 ,0 ,0 ,0
Q ,258997.02 ,233932.9 ,253599.38 ,240297.42 ,237509.56 ,219397.17 ,221311.16 ,215913.16 ,214172.1 ,232002.2 ,240193.19 ,258997.02
QNoCubierta ,0.0 ,0.0 ,0.0 ,0.0 ,0.0 ,0.0 ,0.0 ,0.0 ,0.0 ,0.0 ,0.0 ,0.0
FinDEMANDA_ACS
  
